3897	「 」
4420	「」
5645	「 」
5912	「 」
6246	「 」
6354	「 」
11761	「」
11762	「 」
12783	「 」
13684	「」
14110	「」
14111	「 」
15746	「 」
15747	「 」
18151	「 」
19427	「 」
19601	「 」
19769	「 」
21836	「 」
24701	「」
24702	「」
27914	「 」
27923	「 」
27939	「」
30192	「 」
30193	「 」
37379	「」
37380	「 」
37523	「 」
40140	「 」
40666	「 」
40987	「 」
43528	「」
43529	「 」
44203	「」
44204	「 」
46879	「」
46880	「 」
46926	「」
46927	「 」
48666	「 」
50063	「」
51145	「 」
51662	「 」
57312	「 」
58183	「 」
62666	「 」
65030	「 」
66152	「」
66153	「 」
67707	「 」
69763	「 」
77627	「 」
79134	「」
79135	「 」
80269	「 」
83722	「」
83723	「 」
84904	「 」
86066	「 」
90013	「 」
91464	「」
91465	「 」
94390	「 」
96495	「」
97633	「 」
98050	「 」
101372	「」
101373	「 」
104933	「 」
105541	「」
105542	「 」
105549	「」
105550	「 」
105560	「」
105561	「 」
105656	「」
105657	「」
105658	「」
105662	「」
105663	「 」
105722	「 」
105755	「」
105756	「 」
105791	「」
105792	「 」
105812	「」
105813	「」
105814	「」
105815	「 」
105820	「」
105821	「」
105822	「 」
105846	「」
105847	「 」
105857	「 」
105878	「」
105879	「 」
107857	「 」
108612	「」
108613	「」
108614	「」
108615	「 」
108676	「 」
110034	「」
110035	「 」
111601	「 」
112262	「 」
112263	「 」
112364	「 」
113664	「 」
114012	「」
114013	「 」
114324	「」
114325	「 」
114776	「」
114777	「 」
114971	「 」
115440	「」
115441	「 」
115491	「」
115492	「 」
115550	「 」
115659	「 」
116601	「」
116602	「 」
117078	「 」
117201	「」
117202	「」
117203	「 」
117878	「」
117879	「 」
117892	「 」
121455	「」
121456	「 」
122032	「」
122033	「 」
122073	「」
122074	「 」
122161	「 」
122231	「 」
123138	「」
123139	「 」
123188	「」
123189	「 」
123288	「」
123289	「 」
123290	「 」
123356	「」
123357	「 」
123685	「」
123686	「 」
123799	「」
123800	「 」
124347	「 」
124906	「 」
125395	「」
125396	「 」
126707	「」
126708	「 」
126818	「」
126819	「 」
127024	「」
127025	「 」
128003	「 」
129625	「」
129626	「 」
130510	「」
130511	「 」
131762	「 」
132004	「」
132005	「」
133053	「 」
133118	「 」
135314	「」
135315	「」
136074	「 」
137645	「 」
137732	「」
137733	「」
137794	「」
137795	「 」
137811	「」
137812	「 」
137835	「」
137836	「 」
138021	「」
138022	「 」
139141	「」
139142	「 」
139399	「 」
139597	「」
139598	「 」
139748	「」
139749	「 」
140161	「 」
140162	「 」
141393	「」
141394	「 」
141443	「」
141444	「 」
142158	「」
142159	「 」
142226	「 」
142242	「 」
142243	「 」
142409	「 」
142901	「」
142902	「 」
143221	「」
143222	「 」
143577	「 」
143943	「」
143944	「」
143945	「 」
144032	「」
144112	「」
144113	「」
144114	「 」
144195	「 」
144212	「 」
144884	「」
144885	「 」
145118	「」
145119	「 」
145487	「」
145488	「 」
146160	「」
146161	「 」
146383	「 」
146688	「」
146689	「 」
146964	「」
146965	「 」
147050	「」
147051	「 」
147433	「」
147434	「 」
147973	「」
147974	「 」
148217	「 」
148948	「」
148949	「 」
149038	「」
149039	「 」
149043	「」
149044	「 」
149891	「」
149892	「 」
150890	「」
150891	「 」
151252	「」
151253	「 」
152173	「」
152174	「 」
152276	「」
152277	「 」
152303	「」
152304	「 」
152342	「 」
152444	「 」
152599	「 」
153247	「」
153248	「」
153257	「」
153258	「 」
153343	「」
153344	「 」
153352	「 」
153370	「」
153371	「 」
153411	「」
153412	「 」
153444	「 」
153445	「 」
153924	「 」
154255	「」
154256	「 」
154671	「」
154672	「 」
154675	「」
154676	「」
154705	「」
154706	「 」
155038	「 」
155099	「」
155100	「 」
155170	「 」
155190	「」
155191	「 」
155201	「 」
155292	「 」
155416	「」
155417	「 」
156059	「 」
156163	「」
156164	「」
156165	「 」
156387	「」
156388	「 」
156561	「」
156881	「 」
156893	「 」
157292	「」
157293	「 」
157672	「」
157728	「 」
157735	「」
157821	「 」
157976	「」
158115	「 」
158292	「 」
158374	「」
158375	「」
158376	「 」
158685	「 」
159273	「」
159274	「」
159563	「 」
160632	「」
160633	「 」
160686	「」
160687	「 」
160781	「 」
161461	「 」
161708	「」
161709	「 」
161726	「」
161727	「 」
161912	「 」
162002	「」
162248	「 」
162954	「 」
162955	「」
162956	「 」
162957	「」
162958	「」
162959	「 」
163109	「 」
163379	「」
163380	「 」
164660	「」
165485	「 」
166255	「」
166256	「 」
166257	「」
166258	「 」
166573	「」
166574	「 」
166851	「 」
166913	「」
166914	「 」
166955	「」
166956	「 」
167099	「」
167100	「」
167101	「 」
167308	「」
167309	「 」
167914	「 」
167981	「 」
168180	「 」
168255	「」
168256	「 」
168604	「」
168762	「」
168763	「 」
169059	「 」
169324	「 」
169536	「」
169537	「 」
169793	「」
169794	「」
169795	「 」
169942	「 」
169997	「 」
169999	「 」
170048	「」
170049	「 」
170176	「 」
170274	「 」
170551	「」
170552	「 」
171140	「」
171141	「」
171251	「 」
171372	「」
171373	「 」
171411	「」
171412	「 」
171512	「」
171513	「」
171520	「」
171521	「 」
171598	「 」
171599	「 」
172094	「 」
172430	「」
172431	「 」
172757	「」
172758	「」
172963	「 」
173204	「」
173205	「 」
173284	「」
173285	「 」
173448	「」
173449	「 」
173674	「」
173675	「 」
173691	「」
173692	「 」
173806	「 」
173850	「 」
173943	「 」
173945	「」
173946	「 」
173954	「」
173955	「 」
174035	「 」
174036	「 」
174037	「 」
174119	「」
174120	「 」
174240	「 」
174269	「 」
174377	「」
174378	「 」
174453	「」
174454	「」
174525	「 」
174625	「」
174627	「 」
174788	「 」
174937	「」
174938	「 」
174945	「」
174946	「」
174947	「 」
174950	「 」
174955	「」
174956	「 」
175054	「 」
175169	「」
175170	「 」
175209	「 」
175226	「」
175227	「 」
175242	「 」
175381	「 」
175401	「 」
175769	「 」
175837	「」
175838	「 」
175898	「 」
175980	「」
175981	「 」
176653	「 」
176877	「 」
177122	「 」
177814	「」
177815	「 」
179169	「」
179170	「 」
179709	「」
180158	「 」
180176	「」
180177	「 」
180286	「」
180287	「 」
180401	「」
180402	「 」
180507	「」
180508	「 」
180838	「 」
181286	「」
181287	「 」
181366	「」
181367	「 」
181666	「 」
181892	「」
181893	「 」
182634	「 」
183225	「 」
183902	「」
183903	「 」
184102	「 」
184429	「 」
185982	「」
185983	「 」
186063	「」
186064	「 」
186206	「」
186207	「 」
186442	「」
186443	「 」
186757	「」
186758	「 」
187661	「 」
188236	「 」
188606	「」
188607	「 」
188669	「」
188670	「 」
189457	「 」
189622	「」
189623	「」
189624	「 」
189798	「」
189799	「」
189800	「 」
190105	「 」
190121	「 」
190122	「」
190123	「 」
191161	「」
191162	「」
191163	「 」
191300	「」
191476	「 」
192939	「」
192940	「 」
193183	「 」
193467	「 」
193638	「 」
193929	「 」
194644	「 」
194657	「 」
195654	「」
195655	「 」
196359	「」
196360	「 」
196504	「 」
196533	「 」
196577	「」
196620	「 」
196623	「」
196624	「 」
196808	「 」
196928	「 」
196929	「 」
197192	「 」
197671	「」
197672	「 」
197737	「 」
197922	「 」
198091	「」
198092	「 」
198333	「」
198334	「 」
198695	「 」
199281	「」
199282	「」
199283	「 」
199321	「 」
199372	「」
199373	「 」
199536	「 」
199806	「 」
199962	「 」
200593	「」
200594	「 」
200835	「 」
201012	「 」
201097	「」
201098	「 」
201809	「」
201810	「 」
202004	「 」
202038	「」
202039	「 」
202083	「」
202084	「 」
202207	「」
202208	「 」
202240	「」
202241	「 」
202383	「」
202384	「 」
202473	「 」
202559	「」
202560	「」
202763	「」
202764	「 」
202826	「 」
202830	「」
202831	「 」
203194	「 」
203662	「 」
203752	「」
203759	「 」
203899	「」
203900	「」
203916	「」
203917	「 」
204757	「」
204758	「 」
205167	「」
205168	「 」
205400	「」
205401	「 」
205489	「 」
205513	「 」
205826	「 」
205922	「 」
206030	「」
206031	「 」
206294	「 」
206295	「」
207179	「 」
207184	「 」
207185	「 」
207878	「」
207879	「 」
207896	「 」
208051	「 」
208168	「 」
208259	「 」
208464	「 」
208600	「 」
208946	「 」
209319	「」
209320	「 」
209328	「 」
210106	「 」
210770	「」
210771	「 」
210873	「 」
211076	「 」
211177	「 」
211214	「 」
211279	「 」
211700	「 」
213126	「 」
213127	「 」
213148	「 」
213933	「 」
215176	「 」
215251	「」
215252	「 」
215614	「」
215615	「」
215616	「 」
215737	「」
215738	「 」
216050	「 」
216477	「 」
216723	「」
217492	「 」
218033	「 」
219559	「 」
219580	「 」
220248	「 」
220527	「 」
220534	「 」
221072	「 」
221075	「 」
221542	「 」
222431	「」
222438	「 」
222763	「 」
222864	「」
222865	「」
222866	「 」
224037	「 」
224042	「 」
224043	「 」
224854	「」
224855	「 」
225406	「 」
226434	「」
226435	「 」
226832	「 」
226888	「」
226889	「 」
227657	「 」
227809	「」
227810	「」
227905	「 」
228488	「 」
228737	「 」
229220	「 」
229243	「」
229244	「 」
229387	「」
229388	「 」
230328	「 」
230366	「 」
230367	「 」
230375	「 」
231012	「 」
231294	「」
231295	「 」
231497	「 」
231865	「 」
232204	「 」
232997	「 」
233279	「」
233280	「 」
233604	「 」
234020	「」
234021	「 」
234076	「 」
234786	「 」
235068	「 」
235397	「 」
235622	「 」
235629	「」
235630	「 」
235704	「 」
235776	「 」
235793	「」
235794	「 」
235834	「 」
235936	「 」
236051	「 」
236088	「 」
236103	「 」
236152	「」
236153	「 」
236438	「 」
236444	「」
236635	「 」
236885	「 」
236896	「 」
237063	「」
237064	「 」
237232	「 」
237559	「 」
237761	「 」
238054	「」
238055	「」
238111	「 」
238119	「 」
238172	「」
238173	「 」
238174	「 」
238650	「 」
238953	「 」
239101	「」
239102	「 」
239118	「」
239119	「 」
239516	「 」
240117	「」
240118	「 」
240175	「 」
241517	「」
241518	「 」
241570	「 」
241572	「」
241573	「 」
241714	「 」
241949	「」
241950	「 」
241951	「」
241952	「 」
242268	「」
242269	「 」
242338	「 」
242363	「 」
242408	「 」
242491	「 」
242994	「」
242995	「 」
243256	「 」
243297	「」
243298	「 」
243315	「 」
243335	「」
243336	「 」
243426	「」
243427	「 」
243523	「 」
243561	「 」
243705	「」
243706	「 」
243707	「 」
243829	「」
243830	「 」
243954	「 」
244084	「 」
244114	「」
244115	「 」
244151	「」
244152	「 」
244504	「 」
245185	「」
245186	「 」
245257	「」
245398	「」
245399	「 」
245443	「」
245698	「」
245763	「 」
245767	「 」
246308	「 」
246941	「」
246942	「 」
247155	「 」
247290	「」
247291	「 」
247971	「」
247972	「 」
248288	「 」
248995	「 」
249063	「」
249064	「」
249065	「 」
249749	「 」
249863	「」
249864	「 」
250006	「」
250007	「 」
251036	「 」
251398	「 」
251416	「 」
251437	「」
251438	「 」
251468	「」
251469	「」
251470	「 」
251560	「 」
251995	「」
251996	「」
251997	「 」
252308	「 」
252691	「」
252692	「 」
253134	「 」
253423	「」
253424	「 」
253593	「」
253594	「 」
255180	「」
255181	「」
255492	「」
255493	「 」
255630	「」
255631	「 」
255904	「 」
256028	「 」
256628	「 」
256715	「 」
256858	「」
256859	「 」
257048	「 」
257285	「 」
257759	「 」
257930	「 」
258267	「 」
258596	「 」
258598	「」
258599	「 」
259901	「 」
260422	「」
260425	「」
260426	「 」
260462	「 」
260469	「」
260635	「」
260636	「 」
260668	「 」
260669	「」
260670	「 」
260691	「」
260762	「 」
261033	「」
261034	「 」
261597	「 」
261637	「 」
261689	「 」
261812	「」
261863	「 」
261865	「 」
261977	「 」
261982	「 」
262017	「 」
262063	「 」
262065	「 」
262069	「 」
262073	「」
262074	「 」
262132	「 」
262403	「 」
262684	「 」
262779	「 」
262877	「 」
262961	「 」
263334	「 」
263335	「 」
263339	「 」
263342	「 」
263350	「」
263927	「 」
264154	「 」
264418	「 」
264682	「」
264683	「」
264696	「」
264697	「 」
264873	「」
264874	「 」
265789	「」
265790	「 」
265912	「 」
266187	「」
266188	「 」
266370	「 」
266865	「」
266866	「」
266867	「」
266868	「 」
267157	「 」
267518	「」
267519	「」
267775	「 」
267776	「 」
268166	「 」
268208	「 」
268210	「 」
268366	「」
268367	「 」
268368	「 」
269596	「 」
270431	「 」
270652	「 」
270775	「 」
271246	「 」
271256	「 」
271351	「 」
271394	「」
271395	「」
271413	「 」
271468	「」
271555	「 」
271561	「 」
271782	「 」
271805	「 」
271876	「 」
271957	「 」
271962	「」
271993	「 」
271999	「 」
272003	「」
272004	「 」
272087	「」
272088	「 」
272593	「 」
273076	「」
273077	「 」
273087	「 」
273153	「 」
273223	「」
273224	「 」
275012	「」
275013	「 」
275464	「」
275465	「 」
275920	「 」
275942	「」
275943	「 」
276427	「 」
276446	「 」
276447	「 」
276579	「 」
277181	「」
277182	「 」
277235	「」
277236	「」
277843	「」
277844	「 」
277899	「」
278037	「」
278038	「 」
278411	「」
278412	「 」
278896	「 」
278968	「」
278969	「」
278970	「 」
279557	「 」
279860	「 」
280172	「 」
280761	「 」
280774	「 」
280789	「 」
281100	「 」
281146	「 」
282292	「 」
282357	「 」
282713	「 」
282716	「 」
282723	「」
282724	「 」
282726	「 」
282745	「」
282746	「 」
283517	「 」
283533	「」
283585	「 」
283666	「 」
284583	「 」
284849	「 」
285110	「」
285111	「 」
285177	「」
285178	「 」
285297	「」
285298	「 」
285421	「」
285422	「 」
285430	「」
285431	「 」
285432	「」
285433	「 」
285452	「」
285453	「 」
285454	「」
285455	「 」
285456	「」
285457	「 」
285473	「」
285474	「 」
285515	「 」
285516	「」
285517	「 」
285526	「」
285527	「」
285528	「 」
285548	「 」
285549	「」
285550	「 」
285564	「」
285609	「」
285610	「 」
285611	「」
285612	「 」
285613	「」
285614	「 」
285623	「」
285624	「」
285625	「 」
285650	「」
285651	「 」
285659	「 」
285663	「」
285684	「」
285685	「 」
285686	「」
285687	「 」
285688	「」
285689	「 」
285698	「」
285699	「」
285700	「 」
285712	「」
285713	「 」
285722	「 」
285731	「」
285745	「 」
285746	「 」
285747	「」
285748	「 」
285763	「」
285764	「 」
285773	「 」
285782	「」
286286	「 」
286428	「」
286429	「 」
286854	「」
286855	「」
286856	「 」
286857	「」
286858	「 」
286861	「」
286862	「 」
287015	「」
287016	「 」
287057	「 」
287352	「 」
287359	「 」
287362	「 」
287470	「」
287471	「」
287472	「」
287473	「 」
287480	「」
287481	「」
287482	「 」
287703	「」
287783	「」
287784	「 」
287853	「 」
288279	「」
288280	「 」
288283	「 」
288494	「 」
288548	「」
288549	「 」
289293	「」
289431	「 」
289551	「」
289552	「」
289553	「 」
289845	「」
289846	「 」
289888	「 」
289912	「 」
289953	「」
289954	「 」
290463	「 」
290499	「」
290500	「」
290514	「 」
290588	「 」
290683	「」
290684	「」
292350	「 」
292741	「 」
292743	「 」
293039	「 」
293218	「」
295014	「 」
297571	「 」
297646	「」
297647	「 」
297937	「 」
298327	「 」
299589	「 」
299686	「 」
299724	「」
300071	「 」
301463	「」
301464	「 」
301658	「」
301659	「 」
301731	「」
301732	「 」
301915	「」
301916	「 」
302855	「」
302977	「 」
303585	「」
303633	「 」
304261	「」
304262	「 」
305060	「」
305061	「 」
305330	「」
305331	「 」
305492	「 」
305905	「」
305906	「 」
308045	「」
308046	「」
308944	「 」
309060	「」
309061	「」
311114	「 」
311203	「」
311204	「 」
311683	「」
311742	「 」
311807	「 」
311875	「 」
311881	「 」
311882	「」
311901	「」
311982	「 」
312581	「 」
312623	「」
312624	「 」
313158	「 」
314024	「 」
314294	「 」
314840	「」
314841	「 」
316816	「 」
316833	「」
316834	「 」
317243	「」
317244	「 」
317493	「 」
318570	「」
318571	「 」
318891	「 」
319331	「 」
319509	「 」
319510	「 」
319685	「 」
319975	「 」
320137	「 」
320201	「 」
320302	「」
320303	「」
321030	「 」
322172	「」
322251	「 」
322257	「 」
322490	「 」
322543	「 」
322547	「 」
322609	「 」
322669	「 」
322836	「」
322837	「 」
322897	「 」
323259	「 」
323360	「 」
323441	「」
323442	「 」
324359	「」
324360	「」
324361	「 」
325161	「 」
325900	「 」
325997	「 」
326303	「 」
326706	「 」
327589	「」
327590	「 」
327663	「 」
327952	「 」
328731	「 」
328819	「」
329409	「」
331913	「」
331914	「 」
332434	「」
332435	「 」
332538	「」
332539	「」
332540	「 」
332916	「」
332917	「 」
332918	「」
333103	「 」
333284	「」
333285	「」
334390	「 」
334497	「」
334498	「 」
334667	「」
334668	「 」
334692	「 」
335292	「」
335293	「 」
335719	「 」
335756	「」
336100	「 」
336235	「 」
336495	「 」
336681	「」
336682	「 」
337471	「」
337472	「 」
337583	「」
337584	「 」
337758	「 」
337834	「」
337835	「 」
337854	「 」
337897	「」
337898	「 」
338389	「 」
338530	「」
338531	「 」
338779	「」
338780	「 」
338781	「」
338782	「 」
339384	「 」
339556	「 」
339869	「」
339870	「 」
339944	「」
339945	「 」
340039	「」
340040	「」
340041	「 」
340239	「 」
340908	「」
341002	「 」
341277	「 」
341352	「 」
341925	「」
341926	「 」
341972	「 」
342342	「」
342343	「」
342344	「 」
342358	「 」
342367	「 」
342502	「 」
343200	「 」
343308	「」
343498	「 」
343500	「」
343501	「 」
343593	「 」
344214	「」
344215	「 」
344230	「」
344231	「 」
344306	「 」
344312	「」
344313	「 」
345311	「」
345312	「 」
345441	「 」
345442	「」
345443	「 」
345546	「 」
345547	「」
345548	「 」
345829	「 」
345933	「 」
346082	「 」
346112	「」
346113	「 」
346167	「 」
346168	「 」
346269	「 」
346426	「 」
346623	「 」
346776	「 」
346799	「 」
346915	「」
346916	「 」
347176	「」
347177	「 」
347299	「 」
347314	「 」
347577	「」
347578	「 」
347694	「 」
347699	「」
347700	「 」
347722	「 」
347764	「」
347765	「」
347766	「 」
347928	「」
348359	「」
348360	「 」
348362	「」
348363	「 」
348375	「 」
348393	「 」
348987	「 」
349161	「 」
349653	「」
350038	「 」
350337	「 」
350340	「 」
350581	「 」
350829	「」
350830	「 」
351190	「 」
351270	「 」
351463	「 」
351603	「 」
351771	「」
351772	「 」
351789	「」
351790	「 」
351911	「 」
351996	「」
352016	「 」
352159	「」
352160	「 」
352276	「 」
352314	「」
352315	「 」
352318	「 」
352400	「 」
352595	「 」
352686	「 」
352687	「」
352731	「」
352732	「 」
352781	「 」
352809	「 」
352839	「 」
352896	「 」
352947	「 」
353015	「 」
353029	「」
353030	「 」
353042	「 」
353053	「 」
353227	「 」
353228	「 」
353231	「」
353232	「 」
353234	「 」
353250	「」
353277	「 」
353308	「」
353309	「」
353310	「 」
353361	「 」
353524	「 」
353962	「 」
354038	「 」
354224	「 」
354247	「」
354248	「 」
354381	「」
354382	「 」
354444	「 」
354486	「」
354487	「 」
354548	「」
354549	「」
354654	「」
354655	「 」
354736	「 」
355240	「 」
355331	「」
355332	「 」
355537	「 」
355649	「 」
355664	「」
355665	「」
355666	「 」
355954	「 」
356230	「 」
356807	「 」
356809	「」
356810	「 」
356842	「」
356843	「 」
356857	「 」
356978	「 」
357016	「 」
357022	「」
357023	「 」
357092	「 」
357205	「」
357206	「 」
357239	「 」
357253	「」
357254	「 」
357781	「 」
357920	「」
357921	「 」
357956	「 」
358351	「」
358352	「 」
360687	「 」
360846	「 」
361018	「 」
361052	「 」
361431	「」
361432	「 」
361791	「 」
362423	「 」
362777	「」
362778	「」
362779	「 」
362875	「 」
363020	「 」
363363	「 」
363612	「」
363613	「 」
363724	「 」
363864	「」
363865	「 」
363987	「」
363988	「 」
364262	「 」
364362	「」
364363	「」
364364	「 」
364524	「 」
364597	「」
364598	「 」
364633	「」
364634	「 」
364690	「」
364746	「」
364978	「 」
364987	「」
364988	「」
364989	「 」
365115	「 」
365183	「」
365184	「 」
365187	「 」
365248	「 」
365279	「 」
365293	「」
365294	「 」
365311	「」
365312	「 」
365324	「」
365325	「 」
365326	「」
365327	「 」
365439	「」
365440	「 」
365810	「 」
366731	「」
366732	「 」
367194	「」
367195	「 」
367286	「」
367287	「」
367288	「 」
368637	「」
368638	「 」
368828	「」
368829	「」
368830	「」
369058	「」
369059	「 」
369060	「 」
369491	「」
369492	「 」
369573	「」
369574	「」
369575	「 」
369606	「」
369607	「 」
369834	「」
369835	「 」
370008	「 」
370147	「 」
370611	「」
370612	「 」
370620	「」
370621	「 」
370703	「 」
370721	「 」
370968	「」
370969	「 」
371064	「」
371065	「 」
371120	「 」
371165	「 」
371206	「 」
371209	「」
371210	「 」
371285	「 」
371304	「 」
371319	「 」
371333	「 」
371344	「 」
371374	「 」
371378	「」
371379	「 」
371404	「 」
371406	「」
371407	「 」
371418	「」
371419	「 」
371676	「」
371677	「 」
371702	「 」
371749	「 」
371794	「 」
371806	「 」
371809	「」
371810	「 」
371852	「 」
371855	「」
371856	「 」
371925	「 」
372008	「 」
372026	「 」
372075	「 」
372179	「 」
372203	「 」
372278	「 」
372303	「 」
372352	「 」
372365	「 」
372427	「 」
372430	「 」
372537	「 」
372615	「 」
372642	「 」
372645	「 」
372656	「」
372663	「」
372664	「 」
372680	「」
372681	「 」
372714	「 」
372716	「」
372717	「 」
372720	「」
372721	「」
372760	「 」
372833	「 」
372838	「 」
372867	「 」
372873	「 」
372905	「 」
372906	「」
372907	「 」
372996	「 」
373002	「 」
373057	「」
373058	「」
373059	「 」
373080	「 」
373092	「」
373093	「 」
373246	「 」
373295	「 」
373317	「」
373318	「 」
373329	「 」
373339	「」
373340	「 」
373367	「 」
373463	「 」
373480	「 」
373518	「 」
373520	「 」
373530	「 」
373540	「」
373541	「 」
373575	「 」
373578	「 」
373602	「 」
373657	「 」
373678	「 」
373688	「」
373689	「」
373690	「 」
373714	「 」
373715	「」
373716	「 」
373717	「」
373718	「 」
373815	「」
373816	「 」
373836	「」
373839	「 」
374170	「 」
374261	「 」
374348	「 」
374388	「 」
374470	「 」
374486	「 」
374542	「」
374643	「 」
374668	「 」
374688	「 」
374706	「」
374707	「 」
374731	「 」
374737	「 」
374739	「 」
374789	「 」
374793	「 」
374957	「 」
374960	「 」
374985	「」
374986	「 」
374988	「 」
375040	「 」
375082	「 」
375450	「 」
375856	「 」
376011	「 」
376168	「 」
376315	「」
376316	「」
376317	「 」
376318	「 」
377124	「」
377125	「 」
377141	「」
377142	「 」
377144	「」
377173	「」
377174	「 」
377308	「」
377309	「 」
377733	「 」
378434	「 」
378796	「 」
378820	「 」
378822	「」
379167	「」
379168	「 」
379542	「」
379543	「 」
379602	「」
379603	「 」
379649	「 」
379651	「 」
379693	「 」
379696	「 」
379729	「 」
379751	「」
379752	「 」
379754	「」
379755	「 」
379756	「 」
379975	「 」
380022	「 」
380027	「 」
380062	「 」
380279	「 」
380351	「 」
380745	「 」
380820	「」
380821	「 」
381272	「 」
381275	「 」
381429	「 」
381469	「」
381470	「 」
381711	「」
381712	「 」
381782	「」
381783	「 」
381803	「」
381804	「 」
381968	「」
381969	「 」
382748	「 」
382999	「」
383000	「 」
383315	「」
383316	「」
383362	「」
383368	「」
383369	「」
383398	「 」
383404	「 」
383422	「 」
383640	「」
383641	「 」
384048	「 」
384049	「 」
384551	「」
384552	「 」
384651	「 」
384821	「 」
384841	「 」
385147	「」
385148	「」
385149	「 」
385217	「」
385218	「 」
385580	「」
385581	「 」
386387	「」
386388	「 」
386855	「」
387851	「 」
388157	「 」
388812	「」
389542	「」
389833	「」
389834	「 」
389885	「」
389886	「 」
389897	「」
389898	「 」
390473	「 」
391080	「 」
391081	「 」
391345	「 」
391761	「」
391820	「 」
392009	「」
392010	「 」
392523	「 」
392794	「 」
392899	「」
392900	「 」
393112	「」
393113	「 」
393405	「」
393406	「 」
394178	「 」
394279	「 」
394956	「 」
395125	「 」
395448	「」
395479	「」
395480	「 」
395481	「」
395482	「 」
395794	「」
395795	「 」
396060	「 」
396061	「 」
396536	「 」
396565	「 」
397212	「」
397213	「 」
397317	「」
397318	「 」
397416	「」
397417	「 」
397687	「」
397688	「 」
397774	「」
397775	「 」
397817	「」
397818	「」
397941	「 」
398013	「」
398014	「 」
398764	「 」
398894	「 」
399457	「 」
400973	「」
400974	「 」
401731	「 」
402635	「 」
403059	「 」
403777	「」
403886	「」
403887	「 」
404661	「」
404662	「 」
405097	「」
405098	「」
405099	「 」
405100	「 」
405394	「 」
406487	「 」
408089	「」
408090	「 」
408336	「 」
408891	「 」
408898	「」
408899	「」
408900	「 」
410162	「 」
410796	「」
410797	「 」
411005	「 」
411262	「 」
411708	「 」
412495	「 」
413323	「 」
413421	「 」
414708	「」
414709	「 」
415104	「 」
415658	「 」
418817	「」
418818	「 」
418865	「 」
419322	「 」
419636	「 」
419712	「」
419713	「 」
419814	「 」
420082	「」
420083	「 」
421122	「」
421123	「 」
421231	「」
421232	「 」
421244	「 」
421623	「 」
422819	「 」
422849	「 」
423592	「」
423593	「 」
424251	「」
424252	「 」
424557	「 」
424576	「」
424577	「 」
424685	「」
424686	「 」
425027	「 」
425094	「」
425095	「 」
425407	「」
425408	「 」
425446	「」
425447	「 」
425576	「」
425577	「 」
426328	「」
426329	「 」
426393	「 」
