4001	H70188
4001	H77063
4001	H77734
4001	H77950
4002	H71963
4002	H75944
4003	H72179
4003	H77352
4004	H77598
4004	H77604
4005	H71011
4005	H77071
4006	H71794
4006	H73963
4007	H70820
4007	H71180
4007	H71501
4007	H71503
4007	H74177
4007	H74542
4007	H75955
4007	H78178
4008	H70154
4008	H71827
4008	H77783
4009	H71339
4009	H71943
4010	H75677
4010	H77229
4011	H71925
4011	H75418
4012	H70848
4012	H78572
4013	H70090
4013	H70330
4013	H71108
4013	H72222
4013	H72319
4013	H73523
4014	H70089
4014	H70549
4014	H73841
4015	H72273
4015	H78280
4016	H72042
4016	H73626
4016	H76589
4016	H77585
4016	H77790
4016	H78402
4016	H78939
4017	H75012
4017	H75058
4018	H70964
4018	H76481
4018	H76485
4019	H70312
4019	H70664
4019	H72984
4019	H77149
4019	H78742
4020	H71405
4020	H78664
4021	H72645
4021	H77185
4022	H72813
4022	H73291
4023	H72936
4023	H73098
4024	H70788
4024	H76711
4024	H78179
4025	H71196
4025	H78893
4026	H71734
4026	H72891
4026	H72974
4026	H76375
4027	H70574
4027	H78656
4028	H70021
4028	H70062
4028	H70606
4028	H72333
4028	H75467
4028	H79024
4029	H70059
4029	H71370
4030	H73486
4030	H74297
4030	H77708
4031	H70325
4031	H70924
4031	H73355
4031	H77502
4032	H73025
4032	H73026
4033	H70266
4033	H75323
4033	H76081
4033	H76190
4033	H78428
4034	H70033
4034	H76280
4035	H76710
4035	H77088
4036	H70974
4036	H74699
4036	H74988
4036	H77415
4037	H71698
4037	H78846
4038	H74901
4038	H78691
4039	H70333
4039	H70341
4039	H71049
4039	H77760
4039	H78889
4040	H77753
4040	H77806
4041	H77586
4041	H77855
4042	H73911
4042	H76890
4042	H78219
4043	H70214
4043	H70499
4043	H75325
4043	H77143
4043	H77473
4044	H70842
4044	H71437
4044	H72526
4045	H73202
4045	H74911
4046	H70757
4046	H73293
4046	H74715
4046	H75138
4046	H76932
4047	H71143
4047	H73563
4047	H73850
4048	H72078
4048	H74693
4049	H73216
4049	H75967
4050	H70120
4050	H71203
4050	H74308
4051	H71481
4051	H72107
4052	H71791
4052	H74682
4053	H70167
4053	H70706
4053	H77362
4053	H77887
4054	H77186
4054	H77303
4055	H70043
4055	H70653
4055	H70727
4055	H70881
4055	H71298
4055	H74353
4055	H77148
4055	H77740
4055	H78373
4056	H70111
4056	H71040
4056	H71388
4056	H71470
4056	H73881
4056	H74092
4056	H74277
4056	H75937
4056	H75948
4056	H76506
4057	H77476
4057	H77764
4058	H70620
4058	H71391
4058	H71678
4058	H78831
4059	H71424
4059	H75872
4060	H72363
4060	H74878
4061	H74829
4061	H79146
4062	H71477
4062	H71869
4062	H76848
4063	H75738
4063	H76152
4064	H70929
4064	H72763
4064	H73258
4064	H73779
4064	H77026
4064	H77092
4064	H78021
4065	H70189
4065	H70277
4066	H70389
4066	H70933
4066	H71088
4066	H74383
4066	H74445
4066	H77847
4066	H77867
4067	H74546
4067	H74868
4067	H76124
4067	H76163
4068	H76736
4068	H78552
4069	H70751
4069	H72792
4069	H73464
4069	H75476
4069	H77444
4069	H77829
4070	H70927
4070	H74902
4070	H75018
4070	H77577
4070	H78586
4071	H70850
4071	H75045
4072	H71096
4072	H76690
4072	H77113
4073	H70020
4073	H71783
4073	H72982
4073	H75935
4073	H75992
4073	H76648
4073	H76945
4073	H78392
4074	H70534
4074	H78523
4075	H70795
4075	H71598
4076	H72160
4076	H73378
4076	H75187
4076	H77656
4077	H70334
4077	H73477
4077	H75387
4078	H70397
4078	H74754
4079	H71765
4079	H75544
4080	H77550
4080	H77942
4081	H73208
4081	H77831
4082	H72548
4082	H76721
4083	H74475
4083	H77671
4084	H74075
4084	H77965
4085	H71539
4085	H71916
4085	H75268
4086	H70401
4086	H75026
4086	H75607
4086	H78645
4087	H75472
4087	H77504
4088	H71540
4088	H73092
4088	H78083
4088	H78736
4089	H70128
4089	H70195
4089	H78117
4090	H72230
4090	H72347
4090	H73181
4091	H70877
4091	H71541
4092	H73893
4092	H74576
4092	H77086
4093	H75553
4093	H76544
4094	H71714
4094	H72874
4095	H71637
4095	H73590
4096	H70868
4096	H74858
4097	H71935
4097	H77813
4098	H72215
4098	H75681
4098	H76098
4099	H71173
4099	H71537
4099	H76716
4099	H78990
4100	H71428
4100	H75068
4101	H71686
4101	H73030
4102	H73330
4102	H73719
4102	H75923
4102	H77201
4103	H70408
4103	H71961
4103	H75487
4104	H70144
4104	H77914
4105	H72336
4105	H74086
4106	H78039
4106	H79171
4107	H73077
4107	H77613
4108	H73028
4108	H76327
4109	H70539
4109	H71685
4109	H73029
4110	H70844
4110	H74107
4110	H78015
4110	H78211
4111	H71487
4111	H75122
4112	H72978
4112	H74674
4113	H74604
4113	H75542
4113	H76425
4114	H71749
4114	H74982
4114	H78087
4115	H70672
4115	H77700
4116	H70390
4116	H70515
4116	H71118
4116	H72424
4116	H74386
4117	H71089
4117	H75028
4118	H71446
4118	H75712
4118	H78677
4119	H78745
4119	H79096
4120	H78293
4120	H78303
4121	H70780
4121	H74499
4121	H78327
4122	H70182
4122	H72358
4123	H70161
4123	H76325
4123	H76760
4124	H70710
4124	H72872
4125	H71120
4125	H71615
4125	H72472
4126	H77629
4126	H77679
4127	H70037
4127	H71230
4127	H71231
4127	H71232
4127	H73515
4127	H75129
4128	H70005
4128	H70264
4128	H70633
4128	H74220
4128	H77931
4129	H70219
4129	H73492
4129	H77862
4130	H70643
4130	H77883
4131	H70465
4131	H72017
4132	H71274
4132	H76462
4133	H73357
4133	H78765
4134	H70001
4134	H77695
4135	H70704
4135	H72923
4135	H73199
4136	H71380
4136	H75195
4136	H75629
4136	H78096
4137	H70514
4137	H77689
4138	H71046
4138	H72156
4138	H75469
4139	H70169
4139	H75368
4140	H71456
4140	H72585
4140	H75349
4141	H73102
4141	H75137
4142	H70025
4142	H76532
4143	H74950
4143	H79229
4144	H71647
4144	H77741
4145	H72361
4145	H73630
4146	H70982
4146	H71529
4146	H75046
4146	H76020
4147	H76167
4147	H77182
4148	H74719
4148	H75717
4149	H71113
4149	H77615
4150	H73883
4150	H76172
4151	H75458
4151	H75905
4152	H71613
4152	H75524
4152	H75608
4153	H72829
4153	H74397
4154	H71374
4154	H73408
4154	H74449
4155	H77497
4155	H78346
4156	H71094
4156	H73818
4157	H70026
4157	H71581
4157	H78135
4158	H73243
4158	H77728
4159	H77541
4159	H78379
4160	H70386
4160	H77644
4160	H78105
4161	H70948
4161	H78472
4162	H70272
4162	H71694
4162	H72740
4162	H75823
4163	H71111
4163	H75866
4164	H73064
4164	H74539
4165	H75343
4165	H75727
4165	H78097
4166	H70846
4166	H73541
4166	H73782
4166	H78170
4167	H71216
4167	H75391
4167	H78813
4168	H77620
4168	H77747
4169	H70682
4169	H71448
4169	H71568
4169	H74518
4169	H75162
4169	H76161
4169	H76837
4170	H72955
4170	H78870
4171	H72951
4171	H75463
4172	H70235
4172	H79071
4173	H70181
4173	H77999
4174	H74632
4174	H78582
4175	H74547
4175	H76414
4176	H76408
4176	H78364
4177	H75435
4177	H77692
4178	H74729
4178	H77380
4179	H70712
4179	H70916
4179	H78299
4179	H78819
4179	H78833
4180	H73640
4180	H74356
4181	H71854
4181	H75420
4181	H76830
4182	H72709
4182	H76706
4183	H71492
4183	H75273
4184	H72005
4184	H73266
4185	H70594
4185	H72692
4185	H73249
4185	H76909
4185	H77140
4185	H78929
4186	H71452
4186	H76591
4187	H70406
4187	H71029
4188	H70582
4188	H77851
4189	H70032
4189	H70640
4189	H72576
4189	H78338
4190	H71586
4190	H74580
4190	H75136
4190	H76729
4190	H76769
4190	H77221
4190	H77744
4190	H77802
4191	H70003
4191	H73762
4191	H74156
4192	H70804
4192	H71280
4192	H71948
4192	H75611
4192	H78899
4193	H74271
4193	H74403
4194	H76892
4194	H77401
4195	H70792
4195	H75496
4196	H72277
4196	H78746
4197	H70400
4197	H75864
4198	H70081
4198	H71016
4198	H71224
4198	H77718
4198	H78092
4198	H78093
4199	H70616
4199	H74378
4199	H79050
4200	H72134
4200	H73930
4200	H77022
4201	H72321
4201	H76365
4202	H71551
4202	H71985
4203	H70180
4203	H74166
4203	H77685
4204	H70343
4204	H74735
4204	H78435
4205	H75198
4205	H75234
4206	H70988
4206	H73783
4207	H70760
4207	H70761
4207	H77413
4208	H72035
4208	H75149
4208	H77281
4209	H71729
4209	H75813
4210	H72594
4210	H74702
4210	H78086
4210	H78138
4211	H70417
4211	H74207
4211	H74264
4211	H75616
4211	H76380
4212	H72411
4212	H77722
4213	H76552
4213	H78608
4214	H72132
4214	H76329
4214	H76926
4215	H71797
4215	H73732
4216	H70414
4216	H71965
4216	H74669
4216	H77743
4216	H77903
4216	H78223
4217	H71228
4217	H71229
4217	H72102
4217	H75843
4218	H73301
4218	H77958
4219	H71778
4219	H76870
4220	H71149
4220	H72851
4220	H73174
4220	H74977
4221	H73522
4221	H77392
4222	H70615
4222	H71122
4222	H72879
4222	H73346
4222	H78249
4223	H72962
4223	H73586
4223	H73735
4223	H74951
4224	H73115
4224	H73690
4225	H76472
4225	H77308
4226	H74802
4226	H75656
4226	H77169
4227	H74558
4227	H76627
4228	H75960
4228	H77133
4228	H78017
4229	H71705
4229	H73086
4230	H70628
4230	H71748
4230	H72953
4230	H75790
4230	H76160
4231	H78198
4231	H78432
4232	H73988
4232	H76894
4233	H71287
4233	H78706
4234	H70957
4234	H72487
4234	H76266
4235	H76503
4235	H78253
4236	H70781
4236	H73567
4236	H74653
4236	H75266
4236	H77750
4237	H72614
4237	H76413
4237	H77972
4238	H72612
4238	H74573
4239	H74115
4239	H74384
4240	H75253
4240	H75374
4240	H77624
4241	H71316
4241	H75744
4241	H76182
4242	H73288
4242	H75216
4242	H75390
4242	H75540
4242	H78150
4243	H70476
4243	H73650
4243	H73718
4243	H77717
4244	H73862
4244	H74716
4245	H70636
4245	H71202
4245	H74803
4245	H78367
4245	H78620
4246	H74881
4246	H77011
4247	H71290
4247	H71319
4248	H71022
4248	H71833
4249	H74022
4249	H79114
4250	H70644
4250	H70940
4251	H70485
4251	H76451
4251	H76738
4251	H78422
4252	H71252
4252	H72173
4253	H76353
4253	H78375
4254	H74174
4254	H76055
4255	H72710
4255	H74023
4255	H76233
4256	H73882
4256	H74571
4257	H72152
4257	H77283
4257	H78129
4258	H70768
4258	H75505
4259	H72663
4259	H74636
4260	H72378
4260	H72515
4260	H73212
4261	H71767
4261	H72988
4261	H78122
4262	H70545
4262	H72519
4263	H70254
4263	H73504
4264	H70410
4264	H75970
4264	H76288
4264	H77919
4264	H78520
4265	H73582
4265	H73796
4266	H74195
4266	H74307
4267	H72525
4267	H73407
4268	H74275
4268	H78132
4269	H71390
4269	H73211
4270	H78382
4270	H78383
4271	H73557
4271	H74697
4272	H74336
4272	H76191
4273	H70190
4273	H73242
4273	H74870
4273	H77822
4274	H70447
4274	H70580
4274	H71882
4274	H73568
4274	H75209
4274	H76499
4274	H76765
4275	H76967
4275	H77762
4276	H73496
4276	H73794
4277	H73792
4277	H75564
4278	H70095
4278	H71730
4279	H72765
4279	H76773
4280	H72508
4280	H74152
4280	H74258
4281	H71234
4281	H79152
4282	H72556
4282	H72608
4283	H75125
4283	H76813
4284	H71079
4284	H76946
4285	H70379
4285	H73575
4285	H75449
4285	H75649
4285	H76305
4285	H77800
4286	H73369
4286	H78169
4287	H72441
4287	H75938
4288	H75411
4288	H75977
4289	H70770
4289	H73320
4289	H74329
4289	H78016
4289	H78442
4289	H78443
4290	H71427
4290	H73304
4291	H76743
4291	H78329
4291	H78374
4292	H75163
4292	H75799
4293	H73349
4293	H76749
4294	H71574
4294	H77020
4295	H71842
4295	H75106
4295	H75651
4296	H76975
4296	H77314
4296	H77493
4297	H71303
4297	H78151
4298	H73160
4298	H75222
4298	H76359
4298	H77917
4299	H75647
4299	H75834
4300	H72194
4300	H75961
4301	H73713
4301	H75934
4302	H76226
4302	H77693
4303	H71563
4303	H75672
4304	H72395
4304	H77786
4305	H73002
4305	H74661
4306	H77547
4306	H77935
4307	H74225
4307	H77503
4308	H72382
4308	H72693
4308	H76927
4309	H76673
4309	H78068
4310	H70260
4310	H72991
4311	H77774
4311	H78665
4312	H70048
4312	H70049
4313	H72285
4313	H72457
4313	H75581
4314	H73493
4314	H77664
4315	H71482
4315	H72889
4316	H70006
4316	H70220
4316	H77748
4317	H71720
4317	H77823
4317	H77913
4318	H70267
4318	H73465
4318	H75001
4319	H73517
4319	H75504
4319	H76175
4320	H76925
4320	H79030
4321	H75846
4321	H77643
4322	H71463
4322	H72196
4322	H72680
4322	H78001
4322	H78008
4322	H78192
4323	H70148
4323	H77723
4324	H73091
4324	H78930
4325	H71165
4325	H75739
4325	H76601
4325	H76735
4325	H77200
4325	H77719
4326	H73210
4326	H76335
4327	H70152
4327	H77663
4328	H74134
4328	H77938
4329	H70159
4329	H74237
4329	H77915
4329	H78332
4330	H70639
4330	H74050
4330	H74312
4330	H75316
4331	H70802
4331	H73961
4331	H78919
4332	H70206
4332	H70691
4333	H70366
4333	H74650
4333	H76193
4334	H70806
4334	H77787
4335	H76187
4335	H77580
4336	H70248
4336	H77641
4337	H70099
4337	H70360
4337	H70774
4338	H70259
4338	H75552
4339	H70416
4339	H72910
4340	H70284
4340	H75502
4341	H70261
4341	H70797
4342	H72045
4342	H75425
4343	H70008
4343	H75940
4344	H71800
4344	H74004
4345	H71237
4345	H71238
4345	H78488
4346	H71323
4346	H71324
4346	H74006
4347	H71239
4347	H74025
4347	H74747
4348	H70337
4348	H74095
4349	H77188
4349	H79187
4350	H72126
4350	H76198
4350	H78196
4351	H72057
4351	H74692
4351	H76477
4352	H71859
4352	H72602
4353	H76639
4353	H78051
4354	H73989
4354	H75124
4354	H77123
4355	H71104
4355	H78052
4356	H75851
4356	H76834
4357	H73659
4357	H78784
4358	H72206
4358	H72841
4358	H76954
4359	H70096
4359	H70421
4359	H71862
4359	H78979
4360	H74968
4360	H78353
4361	H72617
4361	H78852
4362	H74594
4362	H77409
4363	H70595
4363	H77016
4364	H77470
4364	H77667
4364	H77706
4364	H78475
4365	H72690
4365	H73306
4365	H73940
4365	H77878
4365	H78438
4366	H71624
4366	H75765
4367	H73004
4367	H76021
4368	H77025
4368	H77877
4369	H71865
4369	H73374
4370	H71384
4370	H74103
4371	H73684
4371	H78794
4372	H75407
4372	H76478
4373	H75519
4373	H78142
4374	H72970
4374	H75269
4375	H71545
4375	H74860
4375	H75594
4376	H71847
4376	H78113
4377	H70843
4377	H70849
4377	H71726
4377	H72572
4378	H77028
4378	H78398
4379	H72235
4379	H72369
4380	H76675
4380	H78356
4381	H72414
4381	H77006
4382	H71793
4382	H72554
4383	H71344
4383	H71421
4383	H75821
4384	H75192
4384	H76912
4385	H70051
4385	H70052
4385	H77821
4386	H71942
4386	H76476
4387	H72807
4387	H73494
4388	H74867
4388	H78918
4389	H72191
4389	H73226
4389	H75285
4389	H75313
4389	H76265
4389	H76328
4389	H76590
4389	H76739
4389	H77220
4389	H77333
4389	H77825
4389	H77916
4390	H71206
4390	H77270
4391	H70683
4391	H71692
4391	H73326
4391	H74110
4391	H77100
4391	H77240
4391	H77694
4392	H77191
4392	H78167
4393	H70669
4393	H71898
4394	H72260
4394	H76722
4395	H72544
4395	H78247
4396	H74282
4396	H76295
4397	H71681
4397	H73023
4397	H76674
4397	H78351
4398	H75746
4398	H76390
4398	H77662
4399	H71081
4399	H76275
4400	H72122
4400	H77773
4401	H78404
4401	H78580
4402	H70597
4402	H75648
4402	H75782
4403	H71636
4403	H76277
4404	H70404
4404	H71818
4404	H74209
4404	H78950
4405	H76264
4405	H77625
4406	H75671
4406	H77151
4407	H70244
4407	H70826
4407	H73127
4407	H76767
4407	H77636
4408	H74215
4408	H74962
4409	H70558
4409	H70979
4409	H74122
4409	H77165
4410	H72115
4410	H75557
4410	H77544
4410	H78147
4411	H75415
4411	H78842
4411	H79017
4412	H73116
4412	H77469
4413	H71703
4413	H78948
4414	H71525
4414	H78912
4415	H72127
4415	H72366
4415	H74639
4415	H77661
4416	H70985
4416	H77715
4417	H75429
4417	H77946
4417	H79183
4418	H74441
4418	H74812
4419	H72518
4419	H78595
4420	H70894
4420	H71863
4420	H72012
4420	H72137
4420	H76763
4421	H73927
4421	H75244
4422	H70665
4422	H70921
4422	H71572
4422	H77987
4423	H70925
4423	H72426
4423	H72886
4423	H78407
4424	H73328
4424	H77277
4425	H70074
4425	H74286
4425	H77761
4426	H70088
4426	H70252
4426	H71828
4426	H75797
4426	H77632
4427	H70438
4427	H71377
4427	H72060
4427	H73223
4427	H74545
4427	H76746
4427	H77866
4428	H74917
4428	H75412
4429	H71571
4429	H71819
4430	H72302
4430	H77721
4431	H76308
4431	H78759
4432	H70273
4432	H70840
4432	H74615
4433	H72545
4433	H76762
4433	H79016
4434	H71725
4434	H72345
4435	H73260
4435	H73817
4435	H77338
4436	H70336
4436	H71375
4436	H74649
4436	H75769
4437	H71188
4437	H76695
4437	H77633
4438	H72748
4438	H73717
4439	H71276
4439	H72904
4439	H73831
4439	H73970
4439	H77971
4440	H71393
4440	H72598
4440	H74607
4441	H70719
4441	H70738
4441	H71151
4441	H73047
4441	H74278
4441	H75678
4441	H77279
4441	H77969
4442	H71156
4442	H71359
4442	H79233
4443	H73048
4443	H78639
4444	H72117
4444	H76524
4445	H70357
4445	H70457
4445	H71520
4445	H73545
4446	H70137
4446	H75498
4447	H71181
4447	H75475
4447	H77894
4448	H75130
4448	H75835
4449	H70641
4449	H71360
4450	H70895
4450	H76232
4451	H70381
4451	H75962
4452	H71996
4452	H71998
4452	H72793
4452	H76893
4453	H70589
4453	H70590
4453	H71834
4453	H71931
4453	H73452
4453	H77107
4453	H78022
4454	H70345
4454	H71583
4454	H71723
4454	H74382
4455	H70942
4455	H72866
4455	H73839
4455	H78733
4456	H70376
4456	H76696
4457	H71127
4457	H74128
4457	H76911
4458	H70301
4458	H70303
4459	H72192
4459	H74464
4460	H72803
4460	H77863
4461	H71350
4461	H76068
4461	H77124
4461	H77991
4462	H76032
4462	H77709
4463	H73193
4463	H75262
4463	H75604
4464	H70897
4464	H72650
4464	H74581
4464	H74664
4464	H77336
4465	H73487
4465	H73829
4465	H79085
4466	H75140
4466	H75460
4466	H75618
4466	H77798
4466	H78165
4467	H70426
4467	H73406
4467	H74315
4467	H77166
4468	H74508
4468	H75189
4468	H79111
4469	H71371
4469	H74251
4469	H74798
4469	H77235
4470	H70960
4470	H73055
4470	H73589
4470	H75139
4471	H71301
4471	H76868
4472	H72638
4472	H76347
4473	H72003
4473	H74302
4474	H72816
4474	H74835
4474	H75643
4475	H73949
4475	H77318
4476	H71086
4476	H79081
4477	H71663
4477	H73625
4478	H71116
4478	H74717
4479	H71754
4479	H73836
4480	H73299
4480	H73955
4481	H74232
4481	H74862
4481	H75301
4482	H70258
4482	H70444
4482	H71307
4482	H71851
4482	H72501
4482	H74887
4482	H78341
4483	H70418
4483	H72728
4484	H71167
4484	H73991
4485	H71168
4485	H73140
4486	H70275
4486	H75464
4487	H72669
4487	H75075
4487	H75538
4487	H76700
4487	H77287
4487	H78186
4488	H71570
4488	H77678
4489	H70695
4489	H71430
4489	H71558
4489	H71974
4490	H74272
4490	H74481
4491	H77293
4491	H77921
4492	H72184
4492	H72658
4492	H72739
4492	H73845
4492	H76318
4492	H78227
4493	H70614
4493	H78704
4494	H73394
4494	H74067
4495	H70459
4495	H72635
4495	H73957
4495	H76852
4495	H77162
4495	H78717
4496	H71972
4496	H74425
4496	H78035
4497	H75906
4497	H76889
4498	H70320
4498	H71026
4498	H71870
4498	H72310
4498	H73518
4498	H75156
4498	H75383
4498	H78629
4498	H79003
4499	H72409
4499	H74317
4500	H70752
4500	H72307
4500	H78009
4501	H72932
4501	H77478
4501	H77479
4502	H70013
4502	H71966
4502	H77325
4503	H73375
4503	H77810
4504	H71453
4504	H78222
4504	H78888
4505	H74856
4505	H75572
4505	H76786
4506	H71366
4506	H74740
4506	H74751
4507	H70461
4507	H70532
4507	H74142
4508	H71389
4508	H75570
4508	H76838
4509	H72604
4509	H78102
4510	H70889
4510	H71367
4511	H77068
4511	H77330
4512	H73204
4512	H77058
4512	H78778
4513	H70992
4513	H71508
4513	H71630
4513	H71631
4513	H77702
4514	H74187
4514	H74334
4515	H74001
4515	H77575
4516	H70402
4516	H71385
4516	H72214
4517	H70024
4517	H70102
4517	H71014
4517	H74041
4517	H75067
4518	H72318
4518	H77795
4519	H71161
4519	H77967
4520	H77952
4520	H78541
4521	H73660
4521	H78482
4522	H71364
4522	H72477
4523	H72103
4523	H74235
4523	H77699
4523	H77984
4524	H71653
4524	H75340
4525	H72242
4525	H74734
4525	H75743
4525	H77515
4526	H77315
4526	H77982
4527	H73203
4527	H77204
4528	H70441
4528	H71498
4528	H71750
4528	H76724
4529	H70867
4529	H72837
4530	H71560
4530	H71924
4531	H74120
4531	H74973
4532	H70311
4532	H75402
4532	H75588
4532	H78371
4533	H71517
4533	H73370
4534	H78995
4534	H78997
4535	H70432
4535	H72795
4536	H70045
4536	H77673
4537	H75112
4537	H76104
4538	H74541
4538	H75776
4539	H73654
4539	H76007
4540	H71313
4540	H77041
4541	H73376
4541	H73531
4541	H77130
4542	H71317
4542	H73274
4543	H70251
4543	H77784
4544	H71221
4544	H76144
4544	H77735
4545	H76805
4545	H78621
4546	H70198
4546	H77642
4546	H78682
4547	H70584
4547	H76847
4547	H77726
4548	H73854
4548	H77746
4549	H74989
4549	H76075
4549	H77889
4550	H70575
4550	H71451
4551	H70314
4551	H72133
4551	H75984
4552	H70029
4552	H77754
4553	H70488
4553	H76810
4554	H70433
4554	H74965
4555	H78287
4555	H78359
4556	H73283
4556	H78221
4557	H73729
4557	H76453
4558	H71742
4558	H73498
4559	H70649
4559	H78845
4560	H78284
4560	H78562
4561	H70278
4561	H78429
4562	H70650
4562	H77674
4563	H70234
4563	H70328
4564	H73444
4564	H75311
4565	H70047
4565	H78127
4566	H70658
4566	H71666
4567	H73017
4567	H73910
4568	H71949
4568	H76728
4568	H78419
4569	H70265
4569	H78012
4570	H72286
4570	H75527
4571	H75831
4571	H78081
4572	H73933
4572	H74212
4572	H74326
4573	H77267
4573	H78272
4574	H70978
4574	H77530
4575	H74011
4575	H75674
4575	H78184
4576	H73327
4576	H74236
4576	H77002
4577	H74238
4577	H76787
4577	H79009
4578	H70632
4578	H75884
4579	H75886
4579	H76784
4580	H73555
4580	H73795
4581	H73706
4581	H74040
4582	H70056
4582	H78401
4583	H71837
4583	H78166
4584	H71897
4584	H72903
4585	H70125
4585	H70370
4585	H71706
4586	H72493
4586	H75280
4586	H77885
4587	H76050
4587	H77680
4588	H74668
4588	H79107
4589	H74160
4589	H74290
4589	H75994
4589	H77649
4590	H70215
4590	H70973
4591	H70351
4591	H70592
4592	H71322
4592	H71708
4592	H75705
4592	H76474
4593	H73551
4593	H78025
4594	H70568
4594	H71479
4594	H71831
4594	H77995
4595	H75756
4595	H78459
4596	H71766
4596	H77777
4597	H73554
4597	H78487
4598	H70101
4598	H72838
4598	H73282
4599	H73391
4599	H73857
4600	H72994
4600	H73214
4601	H73037
4601	H74555
4602	H71689
4602	H73081
4603	H78203
4603	H78358
4603	H78624
4604	H70177
4604	H72566
4604	H72695
4604	H74344
4604	H74624
4605	H71843
4605	H74566
4606	H72328
4606	H78963
4607	H72076
4607	H72979
4607	H73273
4607	H78673
4608	H71341
4608	H78355
4609	H71256
4609	H71735
4609	H71876
4609	H73712
4609	H74081
4610	H70092
4610	H75933
4611	H71373
4611	H75386
4612	H76225
4612	H76750
4613	H70629
4613	H70857
4613	H72352
4613	H75438
4614	H74292
4614	H75276
4615	H76164
4615	H77194
4615	H77457
4616	H71397
4616	H76559
4617	H70098
4617	H79182
4618	H70750
4618	H78174
4619	H71145
4619	H72569
4619	H74163
4619	H76629
4620	H70726
4620	H72300
4620	H78396
4621	H75699
4621	H78088
4622	H71580
4622	H75909
4622	H79088
4623	H71554
4623	H72531
4624	H75719
4624	H78123
4625	H70157
4625	H70504
4626	H72973
4626	H74083
4627	H70289
4627	H72549
4628	H70852
4628	H75566
4628	H76475
4629	H70023
4629	H75185
4630	H70660
4630	H78433
4631	H70078
4631	H76970
4632	H70425
4632	H74869
4633	H71973
4633	H72843
4634	H70105
4634	H70613
4634	H70859
4634	H73398
4635	H75892
4635	H78770
4636	H70521
4636	H77048
4637	H73420
4637	H77375
4638	H76323
4638	H78326
4638	H78496
4639	H71635
4639	H75088
4640	H70040
4640	H71556
4640	H71612
4640	H71933
4640	H77739
4641	H75704
4641	H76349
4641	H76922
4642	H79079
4642	H79224
4643	H70543
4643	H75455
4644	H70080
4644	H75578
4645	H78295
4645	H78305
4646	H71588
4646	H76923
4647	H73674
4647	H75315
4647	H76829
4648	H72468
4648	H75931
4648	H76831
4649	H73177
4649	H73642
4650	H70646
4650	H71299
4650	H77775
4651	H73247
4651	H73462
4652	H70436
4652	H75883
4653	H72681
4653	H77323
4654	H72089
4654	H78202
4655	H72266
4655	H75661
4656	H76256
4656	H77047
4657	H70385
4657	H70388
4657	H72170
4657	H73769
4657	H74176
4657	H77399
4658	H72250
4658	H73222
4659	H71300
4659	H73451
4659	H74675
4659	H75582
4659	H78434
4660	H71135
4660	H73215
4660	H74912
4660	H74913
4660	H76661
4660	H78161
4661	H70256
4661	H78279
4662	H70472
4662	H75111
4663	H71664
4663	H73013
4664	H72467
4664	H73597
4664	H75048
4665	H71922
4665	H74925
4665	H76030
4666	H72118
4666	H76215
4666	H78029
4666	H78038
4667	H77404
4667	H78032
4668	H75320
4668	H75865
4669	H74117
4669	H77559
4670	H70028
4670	H75936
4671	H70118
4671	H75942
4672	H70887
4672	H71209
4673	H70372
4673	H78175
4674	H70918
4674	H74488
4674	H77077
4674	H77763
4675	H71852
4675	H76239
4676	H71760
4676	H76206
4676	H77908
4677	H71752
4677	H76267
4678	H70585
4678	H71037
4678	H71255
4678	H73196
4678	H75131
4679	H70586
4679	H71258
4679	H72392
4679	H73136
4679	H75474
4679	H78245
4680	H71894
4680	H72767
4681	H70247
4681	H78040
4682	H70257
4682	H73467
4683	H77378
4683	H77653
4683	H77682
4684	H71219
4684	H72187
4685	H71197
4685	H71260
4685	H75568
4686	H70604
4686	H74310
4687	H71220
4687	H71874
4687	H78403
4688	H71259
4688	H73516
4689	H73323
4689	H74074
4690	H70241
4690	H71820
4690	H73470
4690	H73946
4690	H78020
4691	H74257
4691	H79095
4692	H71860
4692	H71861
4693	H74477
4693	H75157
4694	H71491
4694	H71926
4695	H74096
4695	H74339
4695	H75562
4696	H72944
4696	H77263
4697	H73241
4697	H75246
4698	H75047
4698	H75520
4698	H76301
4699	H76567
4699	H77049
4700	H70163
4700	H73437
4701	H71315
4701	H72625
4702	H76553
4702	H77144
4703	H72324
4703	H73860
4704	H76951
4704	H77868
4705	H70340
4705	H78071
4705	H78522
4706	H70968
4706	H75257
4707	H77567
4707	H77973
4708	H71502
4708	H78024
4709	H72713
4709	H76855
4710	H71000
4710	H79029
4711	H71472
4711	H72862
4712	H70591
4712	H72022
4713	H75847
4713	H76679
4714	H76071
4714	H78380
4715	H70729
4715	H70740
4715	H76466
4716	H76276
4716	H78399
4717	H70698
4717	H77423
4718	H72258
4718	H78330
4718	H78554
4719	H73571
4719	H74564
4720	H70487
4720	H78065
4720	H78069
4720	H78190
4721	H71061
4721	H73740
4721	H77272
4722	H74855
4722	H77839
4723	H73676
4723	H75289
4723	H75485
4723	H78714
4724	H77273
4724	H77494
4725	H70173
4725	H77703
4726	H70832
4726	H71368
4726	H72183
4727	H72701
4727	H72785
4728	H70810
4728	H72125
4728	H76972
4729	H73468
4729	H75526
4730	H74572
4730	H75596
4731	H73280
4731	H75532
4732	H73278
4732	H75862
4733	H70060
4733	H75350
4734	H73095
4734	H78705
4735	H74743
4735	H75251
4736	H70621
4736	H74055
4736	H75579
4736	H76745
4737	H75344
4737	H77114
4738	H71158
4738	H72020
4739	H71901
4739	H72779
4740	H70168
4740	H70947
4740	H78444
4741	H71423
4741	H73469
4742	H71658
4742	H77951
4743	H76043
4743	H76563
4744	H75456
4744	H76964
4745	H72288
4745	H74151
4746	H75210
4746	H77137
4747	H75791
4747	H77785
4748	H70375
4748	H73172
4748	H75479
4749	H74687
4749	H76048
4750	H70739
4750	H74720
4751	H73358
4751	H78772
4752	H72071
4752	H72077
4752	H73058
4752	H75152
4752	H77312
4753	H71900
4753	H72778
4754	H71186
4754	H76839
4755	H74852
4755	H77507
4756	H72989
4756	H75589
4757	H72255
4757	H75789
4758	H71527
4758	H71724
4758	H72275
4758	H75243
4758	H76209
4758	H77334
4759	H70119
4759	H71958
4760	H74091
4760	H79189
4761	H74243
4761	H74520
4762	H71906
4762	H77710
4763	H77622
4763	H77843
4764	H74884
4764	H78698
4765	H72289
4765	H74920
4766	H70446
4766	H71977
4766	H72506
4767	H71110
4767	H72909
4767	H74949
4768	H71740
4768	H76664
4769	H70084
4769	H71005
4769	H71732
4769	H77796
4770	H72193
4770	H72317
4771	H70793
4771	H77923
4772	H74595
4772	H77639
4773	H70686
4773	H72393
4773	H75766
4773	H76097
4773	H76330
4773	H78334
4773	H78335
4774	H70896
4774	H76114
4774	H77125
4775	H70671
4775	H71447
4775	H72619
4775	H77630
4775	H77986
4775	H78555
4775	H78985
4776	H70609
4776	H74755
4776	H78045
4777	H74773
4777	H76136
4778	H75910
4778	H78894
4779	H70811
4779	H70938
4779	H76802
4779	H78114
4780	H72254
4780	H76778
4781	H70668
4781	H70709
4782	H70038
4782	H72090
4782	H72101
4782	H75945
4782	H76882
4782	H77031
4782	H77879
4783	H70667
4783	H71277
4783	H72367
4783	H74765
4783	H77738
4784	H70435
4784	H74054
4785	H70271
4785	H77833
4786	H71433
4786	H78945
4787	H75844
4787	H76155
4788	H71772
4788	H77056
4789	H75105
4789	H75473
4790	H72112
4790	H73248
4790	H73318
4790	H73624
4790	H77070
4791	H72281
4791	H75211
4791	H76908
4792	H72407
4792	H75481
4792	H75558
4792	H76364
4793	H70647
4793	H74700
4794	H71382
4794	H78207
4795	H75721
4795	H75783
4796	H77192
4796	H78014
4797	H74274
4797	H75490
4798	H75745
4798	H77776
4799	H73379
4799	H73727
4799	H78703
4800	H70827
4800	H71976
4801	H75828
4801	H76279
4802	H75376
4802	H78650
4803	H70995
4803	H74467
4804	H70394
4804	H72482
4804	H72483
4804	H78098
4804	H78576
4805	H72150
4805	H73559
4806	H74756
4806	H76888
4807	H73514
4807	H74234
4807	H76593
4807	H77300
4808	H75700
4808	H76331
4809	H70906
4809	H73608
4809	H74116
4809	H75609
4810	H75907
4810	H77079
4811	H76154
4811	H76205
4812	H73920
4812	H77280
4813	H75365
4813	H75389
4814	H73525
4814	H74020
4815	H71193
4815	H74233
4816	H70876
4816	H72454
4816	H73774
4816	H75806
4817	H74316
4817	H75548
4817	H76211
4818	H73410
4818	H74148
4819	H73335
4819	H73409
4819	H75050
4820	H71320
4820	H73578
4820	H73619
4821	H73935
4821	H75764
4822	H70046
4822	H75445
4822	H75968
4823	H70313
4823	H70813
4824	H73914
4824	H74173
4824	H77491
4825	H72237
4825	H75127
4825	H75182
4826	H71170
4826	H72381
4826	H75667
4827	H76667
4827	H77225
4827	H77837
4828	H70138
4828	H71661
4828	H72455
4829	H75259
4829	H76302
4830	H76314
4830	H76666
4831	H70687
4831	H73875
4831	H78323
4831	H78345
4831	H78789
4832	H71144
4832	H72073
4832	H72207
4833	H73576
4833	H73958
4834	H74532
4834	H76004
4835	H72578
4835	H78130
4836	H70654
4836	H72113
4837	H70965
4837	H78637
4838	H71171
4838	H78955
4839	H71137
4839	H78193
4840	H75918
4840	H77296
4841	H72499
4841	H73984
4842	H71788
4842	H71983
4843	H77104
4843	H77129
4844	H71671
4844	H73089
4845	H73710
4845	H78699
4846	H71080
4846	H72197
4846	H74927
4846	H79204
4847	H70577
4847	H78556
4848	H74570
4848	H75039
4849	H71839
4849	H71840
4849	H73312
4849	H78412
4850	H71281
4850	H78395
4851	H72226
4851	H72368
4851	H72505
4851	H72902
4852	H72675
4852	H75780
4852	H76204
4853	H70490
4853	H71494
4853	H76994
4854	H71738
4854	H77756
4855	H72233
4855	H78424
4856	H70069
4856	H72933
4856	H72969
4856	H76701
4856	H77253
4856	H78872
4857	H71078
4857	H75298
4858	H74578
4858	H75154
4859	H70744
4859	H75615
4860	H71369
4860	H74946
4861	H71071
4861	H72924
4861	H77647
4862	H78499
4862	H79034
4863	H72075
4863	H74021
4863	H77302
4864	H70631
4864	H71984
4864	H76125
4865	H70977
4865	H76014
4866	H75038
4866	H76398
4867	H72826
4867	H78350
4868	H73111
4868	H75729
4869	H78400
4869	H78559
4870	H73128
4870	H73130
4870	H75793
4871	H70748
4871	H74780
4872	H70922
4872	H78352
4873	H72123
4873	H73443
4873	H74137
4873	H74203
4873	H74330
4874	H71365
4874	H72478
4875	H70171
4875	H70218
4875	H78091
4875	H78153
4876	H74575
4876	H74585
4876	H78111
4876	H78735
4877	H72168
4877	H72169
4878	H70196
4878	H70645
4879	H71927
4879	H71992
4880	H71912
4880	H72218
4880	H78423
4881	H71309
4881	H78109
4882	H72555
4882	H75848
4882	H76241
4883	H76242
4883	H79097
4884	H71198
4884	H71199
4885	H71285
4885	H76616
4886	H74179
4886	H76389
4887	H73801
4887	H73889
4887	H75237
4888	H75219
4888	H77313
4889	H70142
4889	H75142
4889	H75822
4889	H78152
4890	H70291
4890	H70300
4890	H77962
4891	H72039
4891	H72059
4891	H75896
4891	H75925
4891	H76636
4892	H70164
4892	H76652
4892	H79180
4893	H72149
4893	H76825
4893	H76876
4894	H77596
4894	H78075
4895	H72348
4895	H72607
4896	H71036
4896	H75226
4897	H76606
4897	H78566
4898	H71128
4898	H72211
4899	H70354
4899	H76500
4899	H78796
4900	H77227
4900	H77390
4901	H70193
4901	H71244
4901	H72977
4901	H74208
4901	H77778
4902	H70321
4902	H76244
4903	H71420
4903	H74588
4903	H74909
4903	H75575
4903	H75593
4903	H77957
4904	H74640
4904	H77348
4904	H78007
4905	H70131
4905	H75202
4906	H72389
4906	H73942
4906	H77199
4907	H74014
4907	H78224
4908	H72632
4908	H77391
4908	H78176
4909	H70955
4909	H76899
4910	H74786
4910	H75877
4910	H75878
4911	H75369
4911	H77171
4911	H77297
4912	H70298
4912	H74409
4912	H75094
4912	H76797
4913	H74432
4913	H77082
4914	H71092
4914	H74500
4915	H71483
4915	H73009
4916	H70814
4916	H71159
4916	H76565
4917	H75299
4917	H78137
4918	H73417
4918	H78397
4919	H73488
4919	H73616
4920	H71395
4920	H71396
4920	H75482
4920	H75690
4920	H77835
4920	H78426
4921	H73059
4921	H73797
4922	H70734
4922	H73919
4923	H71770
4923	H76707
4923	H78782
4924	H70324
4924	H73703
4925	H73078
4925	H77373
4926	H70737
4926	H72032
4926	H76159
4926	H76935
4927	H71019
4927	H73752
4927	H78760
4928	H70127
4928	H72941
4929	H70175
4929	H76858
4929	H77830
4930	H70471
4930	H75595
4931	H70073
4931	H72203
4932	H73761
4932	H76770
4933	H71550
4933	H72530
4934	H70824
4934	H73915
4935	H71841
4935	H72456
4935	H75398
4936	H74253
4936	H75837
4936	H75914
4936	H78076
4937	H70902
4937	H73707
4938	H71278
4938	H77927
4939	H72425
4939	H75297
4940	H71245
4940	H76366
4941	H71247
4941	H74885
4942	H70297
4942	H72724
4943	H72641
4943	H75294
4943	H75379
4944	H73294
4944	H78037
4945	H72253
4945	H74247
4946	H70293
4946	H77792
4947	H70223
4947	H72189
4948	H71348
4948	H71601
4949	H70822
4949	H75949
4950	H71774
4950	H72190
4950	H73359
4951	H70129
4951	H78055
4952	H72051
4952	H74362
4953	H71160
4953	H74770
4953	H76913
4954	H72128
4954	H78004
4955	H78296
4955	H78343
4956	H72356
4956	H72357
4957	H78238
4957	H78440
4958	H70068
4958	H74416
4958	H77707
4959	H72574
4959	H72674
4960	H72541
4960	H75863
4960	H77960
4961	H70505
4961	H73342
4961	H75133
4961	H76304
4962	H70975
4962	H75879
4962	H76610
4963	H71771
4963	H74691
4963	H74783
4963	H75254
4963	H78384
4964	H75714
4964	H77832
4965	H74707
4965	H76497
4966	H75689
4966	H77840
4967	H70179
4967	H78115
4968	H71538
4968	H77445
4969	H73331
4969	H77447
4970	H73404
4970	H75260
4971	H71836
4971	H73194
4971	H75852
4971	H76517
4971	H77828
4971	H77947
4972	H72920
4972	H75217
4973	H70445
4973	H74944
4973	H75754
4974	H71761
4974	H73296
4975	H71008
4975	H75453
4976	H76337
4976	H76942
4977	H72080
4977	H76374
4978	H70538
4978	H72081
4979	H76024
4979	H76814
4980	H71357
4980	H76545
4981	H72239
4981	H76615
4981	H77009
4982	H71297
4982	H75881
4982	H77485
4983	H72964
4983	H75669
4984	H70424
4984	H78291
4985	H77053
4985	H78687
4986	H76644
4986	H76986
4986	H77158
4987	H73005
4987	H78606
4988	H72427
4988	H76930
4989	H72907
4989	H73897
4990	H72201
4990	H77290
4991	H77007
4991	H77759
4992	H76157
4992	H76987
4993	H71853
4993	H74230
4994	H73677
4994	H77449
4995	H70831
4995	H78360
4996	H74072
4996	H75382
4997	H75291
4997	H76984
4998	H74910
4998	H76012
4999	H72002
4999	H74108
4999	H74561
5000	H72691
5000	H77090
5001	H73507
5001	H74704
5002	H70338
5002	H70578
5002	H70749
5002	H73952
5002	H78156
5002	H78301
5002	H79175
5003	H73295
5003	H74399
5003	H75331
5004	H72267
5004	H72268
5004	H76137
5005	H70294
5005	H73297
5005	H77730
5005	H78370
5006	H72131
5006	H74722
5006	H75882
5007	H70121
5007	H70483
5007	H74024
5007	H75943
5007	H77483
5007	H77634
5008	H77623
5008	H77844
5009	H71123
5009	H71215
5010	H73869
5010	H74049
5011	H70237
5011	H73526
5012	H72683
5012	H76270
5013	H73313
5013	H76514
5014	H70422
5014	H70552
5014	H71810
5014	H73239
5014	H78319
5015	H71746
5015	H74533
5016	H70708
5016	H79124
5017	H72315
5017	H76602
5018	H72406
5018	H74730
5019	H70754
5019	H71655
5019	H74395
5020	H73558
5020	H73908
5021	H70242
5021	H71314
5021	H71801
5021	H72068
5021	H77668
5022	H70309
5022	H70959
5022	H71975
5022	H75832
5022	H75841
5022	H77156
5022	H77724
5023	H74671
5023	H78354
5024	H75736
5024	H78218
5025	H70133
5025	H74375
5025	H75043
5025	H77472
5025	H77657
5025	H78585
5025	H79221
5026	H70847
5026	H77471
5026	H79202
5027	H71201
5027	H73653
5027	H74363
5027	H75199
5027	H78962
5027	H79066
5027	H79108
5028	H72946
5028	H76183
5029	H70331
5029	H71622
5029	H78002
5030	H74299
5030	H75032
5030	H76283
5031	H71352
5031	H72629
5031	H75493
5031	H75749
5031	H76669
5032	H74248
5032	H75900
5033	H70075
5033	H70076
5033	H77803
5034	H70557
5034	H74109
5034	H76019
5035	H70246
5035	H71872
5035	H72200
5035	H73447
5035	H76647
5035	H77789
5036	H75759
5036	H76557
5037	H70756
5037	H71736
5037	H71745
5037	H72037
5037	H72058
5037	H78406
5038	H70187
5038	H78531
5039	H70546
5039	H74427
5040	H75698
5040	H75701
5041	H73907
5041	H78836
5042	H71899
5042	H79077
5043	H73561
5043	H78103
5044	H70170
5044	H71795
5044	H78545
5045	H78414
5045	H78421
5046	H73965
5046	H76423
5046	H78788
5047	H73982
5047	H79159
5048	H74964
5048	H77711
5049	H72584
5049	H75447
5049	H77698
5050	H71269
5050	H76871
5051	H76282
5051	H78678
5052	H70625
5052	H76026
5053	H71434
5053	H73286
5054	H70762
5054	H74239
5055	H70200
5055	H73171
5055	H74284
5055	H78006
5056	H71106
5056	H73938
5057	H71067
5057	H75824
5057	H76539
5058	H70302
5058	H71334
5058	H71757
5058	H75971
5058	H77956
5058	H78887
5059	H70205
5059	H71474
5060	H75167
5060	H75169
5061	H71379
5061	H78666
5062	H70014
5062	H71175
5062	H71178
5062	H77672
5063	H78073
5063	H78935
5064	H70123
5064	H70208
5064	H70450
5064	H78078
5065	H71468
5065	H76492
5065	H78393
5066	H74373
5066	H75208
5067	H73651
5067	H74130
5067	H77355
5067	H77918
5067	H78090
5068	H70728
5068	H78164
5069	H71960
5069	H77106
5069	H77705
5070	H72475
5070	H74281
5070	H77631
5071	H78868
5071	H78883
5072	H77230
5072	H78134
5073	H70204
5073	H70593
5073	H77684
5073	H77826
5074	H70222
5074	H70841
5074	H78183
5075	H72244
5075	H73830
5076	H71602
5076	H73968
5076	H76575
5076	H78923
5077	H76361
5077	H77528
5078	H70684
5078	H72563
5078	H75231
5078	H75626
5078	H77286
5079	H72091
5079	H72676
5079	H73338
5079	H76998
5079	H78148
5080	H71553
5080	H73581
5081	H73412
5081	H73413
5081	H75327
5082	H70769
5082	H70866
5082	H71406
5082	H72072
5082	H72158
5082	H77459
5082	H77637
5082	H77992
5083	H76660
5083	H76821
5084	H70799
5084	H72188
5084	H78635
5085	H70468
5085	H70469
5085	H78160
5085	H78601
5086	H78546
5086	H78627
5087	H72682
5087	H76269
5087	H77953
5088	H72870
5088	H73316
5088	H74015
5089	H70711
5089	H78869
5090	H72165
5090	H75097
5090	H78446
5091	H73865
5091	H78592
5092	H76956
5092	H77948
5093	H72882
5093	H74906
5094	H70126
5094	H71068
5094	H74512
5094	H77403
5095	H73768
5095	H76579
5095	H78780
5096	H71002
5096	H73639
5097	H70233
5097	H70374
5097	H74368
5097	H75328
5097	H75741
5097	H75805
5097	H76008
5097	H76116
5098	H72469
5098	H73478
5098	H75897
5098	H76755
5098	H77305
5099	H74099
5099	H77269
5100	H70185
5100	H71126
5100	H73271
5100	H73672
5100	H75550
5100	H77010
5101	H75675
5101	H76779
5102	H70787
5102	H74097
5102	H75784
5103	H70230
5103	H70981
5103	H71172
5103	H75662
5104	H70970
5104	H71254
5105	H70611
5105	H71744
5105	H72705
5105	H77963
5105	H78143
5105	H78680
5106	H73441
5106	H74609
5106	H75816
5107	H71512
5107	H72922
5107	H74357
5107	H77979
5108	H70031
5108	H70431
5108	H71623
5108	H71936
5108	H72007
5108	H72589
5108	H74003
5108	H74105
5108	H74762
5108	H75436
5108	H75902
5108	H76960
5108	H77317
5108	H77817
5109	H72684
5109	H72949
5109	H74273
5110	H75321
5110	H78521
5111	H72911
5111	H78054
5111	H78961
5112	H71023
5112	H75409
5113	H70477
5113	H78336
5114	H70191
5114	H70194
5115	H73119
5115	H76129
5116	H71684
5116	H73027
5117	H70703
5117	H72450
5118	H70815
5118	H72639
5119	H72047
5119	H74323
5120	H72161
5120	H76150
5121	H71747
5121	H72015
5121	H73436
5122	H75761
5122	H76469
5122	H77067
5123	H70050
5123	H77970
5124	H76346
5124	H78916
5125	H70778
5125	H72136
5125	H72145
5125	H73705
5126	H71130
5126	H71131
5127	H72488
5127	H72490
5127	H78993
5128	H70349
5128	H70405
5128	H71200
5128	H77997
5129	H70735
5129	H71284
5130	H70346
5130	H70869
5131	H75893
5131	H76570
5131	H77438
5131	H78077
5132	H73259
5132	H73901
5132	H74772
5133	H71279
5133	H75274
5134	H72613
5134	H78694
5135	H73485
5135	H77896
5136	H75462
5136	H75516
5136	H78144
5137	H70622
5137	H74139
5137	H77282
5138	H71091
5138	H73704
5138	H76202
5139	H72243
5139	H73476
5139	H76533
5139	H78584
5140	H71930
5140	H72448
5140	H73366
5141	H75292
5141	H76255
5142	H71001
5142	H74688
5143	H70763
5143	H74360
5144	H70288
5144	H70888
5145	H76284
5145	H77412
5146	H74528
5146	H74978
5146	H75853
5147	H76259
5147	H77584
5148	H71792
5148	H74766
5149	H72446
5149	H73877
5150	H71311
5150	H73423
5150	H77236
5151	H74763
5151	H77856
5152	H71737
5152	H74017
5153	H72011
5153	H74291
5154	H70851
5154	H72056
5155	H73011
5155	H74056
5156	H70562
5156	H70563
5156	H75587
5156	H77815
5156	H78172
5157	H73953
5157	H78410
5157	H79232
5158	H74036
5158	H74898
5158	H77892
5159	H74565
5159	H78710
5160	H72847
5160	H74608
5160	H78642
5161	H70707
5161	H72938
5162	H74401
5162	H78533
5163	H70923
5163	H71727
5163	H78547
5164	H75491
5164	H75666
5164	H77266
5165	H70015
5165	H70860
5165	H72284
5166	H71345
5166	H78757
5167	H71476
5167	H78033
5168	H71990
5168	H71991
5168	H72657
5168	H78254
5169	H72138
5169	H72422
5170	H72066
5170	H73440
5171	H70184
5171	H71569
5172	H75333
5172	H76592
5173	H70327
5173	H73348
5174	H70199
5174	H71871
5174	H74980
5175	H70800
5175	H76501
5176	H70143
5176	H74492
5177	H70082
5177	H71332
5177	H73767
5177	H73995
5178	H70652
5178	H73228
5179	H71549
5179	H72251
5179	H76224
5180	H72626
5180	H76547
5181	H75645
5181	H75908
5182	H72513
5182	H72523
5182	H76332
5182	H78059
5182	H78064
5182	H78066
5183	H78124
5183	H78644
5184	H71883
5184	H72799
5185	H74328
5185	H78210
5186	H71190
5186	H71534
5186	H71535
5187	H71177
5187	H76566
5187	H77989
5188	H70816
5188	H75471
5189	H71807
5189	H72355
5189	H72689
5189	H78344
5189	H78891
5190	H78321
5190	H78420
5191	H70162
5191	H71785
5192	H74296
5192	H75499
5193	H71302
5193	H74750
5194	H77480
5194	H77635
5194	H78049
5195	H70830
5195	H74746
5196	H77482
5196	H77900
5197	H70484
5197	H72181
5198	H70280
5198	H70409
5198	H72309
5198	H76988
5198	H78089
5199	H76430
5199	H77260
5199	H77849
5200	H73356
5200	H75029
5201	H72547
5201	H72802
5202	H70106
5202	H72443
5202	H79061
5203	H72790
5203	H72791
5203	H75547
5203	H77975
5204	H73292
5204	H74372
5205	H74948
5205	H77425
5206	H73976
5206	H77968
5207	H71585
5207	H74933
5208	H70395
5208	H73899
5208	H78079
5209	H72159
5209	H76670
5210	H71532
5210	H72630
5211	H70753
5211	H77988
5212	H72573
5212	H78466
5213	H75287
5213	H76957
5214	H70393
5214	H77147
5215	H71157
5215	H78042
5216	H74113
5216	H74476
5217	H73281
5217	H74127
5217	H76771
5218	H72900
5218	H77405
5219	H73411
5219	H78187
5220	H72111
5220	H72404
5220	H73008
5220	H73217
5220	H73310
5220	H77141
5221	H75205
5221	H77531
5222	H70818
5222	H70937
5223	H71003
5223	H73947
5223	H76344
5224	H72996
5224	H75322
5225	H70512
5225	H73543
5225	H73546
5225	H75978
5226	H74412
5226	H75093
5226	H75477
5227	H72341
5227	H79206
5228	H73540
5228	H74168
5228	H75392
5228	H75726
5228	H77343
5229	H70310
5229	H74154
5229	H78094
5230	H71027
5230	H77928
5231	H72052
5231	H74162
5231	H76379
5232	H70091
5232	H77765
5233	H74031
5233	H74612
5234	H70178
5234	H71346
5234	H73778
5234	H75997
5235	H73405
5235	H77242
5236	H72109
5236	H72110
5236	H73430
5237	H72998
5237	H74104
5238	H70117
5238	H70901
5239	H71031
5239	H72906
5240	H72864
5240	H76535
5241	H74270
5241	H76741
5241	H77339
5242	H71786
5242	H74436
5243	H70908
5243	H74921
5244	H72871
5244	H75627
5245	H70663
5245	H76047
5246	H71321
5246	H72234
5246	H76387
5247	H70666
5247	H73021
5247	H73623
5248	H73022
5248	H76516
5249	H70411
5249	H72952
5250	H78180
5250	H78405
5251	H73992
5251	H77037
5251	H77954
5252	H73886
5252	H79178
5253	H70730
5253	H71878
5253	H72963
5253	H73828
5253	H73838
5253	H75215
5254	H76273
5254	H77304
5255	H71386
5255	H74132
5256	H71620
5256	H74190
5256	H74517
5257	H71490
5257	H74725
5257	H79126
5258	H72209
5258	H73682
5259	H71328
5259	H72208
5260	H73001
5260	H73003
5261	H72263
5261	H76320
5261	H77651
5261	H77660
5262	H70772
5262	H70999
5263	H70134
5263	H73352
5263	H77652
5264	H70160
5264	H71085
5264	H75454
5264	H78095
5265	H70784
5265	H74327
5266	H71075
5266	H74842
5267	H70110
5267	H70700
5267	H71528
5267	H71856
5267	H73595
5268	H71185
5268	H72403
5269	H74731
5269	H75393
5269	H75518
5270	H70042
5270	H71777
5271	H70283
5271	H77725
5272	H70238
5272	H71184
5272	H74596
5272	H75229
5272	H78283
5273	H75049
5273	H75814
5274	H71057
5274	H73500
5275	H76564
5275	H77012
5275	H77691
5276	H70066
5276	H70482
5276	H71331
5276	H74789
5276	H78455
5277	H72354
5277	H76117
5277	H78034
5278	H72622
5278	H75423
5279	H77139
5279	H77985
5279	H78082
5280	H70262
5280	H72995
5280	H73731
5280	H74370
5280	H74557
5281	H73655
5281	H74371
5282	H70458
5282	H74346
5283	H72376
5283	H74990
5284	H74381
5284	H75874
5284	H77870
5285	H72465
5285	H73367
5286	H72677
5286	H78643
5287	H70434
5287	H76170
5288	H74883
5288	H75996
5289	H72293
5289	H74111
5289	H74280
5289	H74712
5289	H74889
5290	H71599
5290	H72459
5291	H71124
5291	H72140
5292	H70263
5292	H71073
5292	H71565
5292	H73753
5292	H78425
5293	H72957
5293	H73325
5294	H75345
5294	H75650
5295	H74709
5295	H74907
5296	H70427
5296	H72238
5296	H72600
5296	H75145
5297	H76822
5297	H77256
5298	H70455
5298	H75506
5299	H72274
5299	H72599
5300	H71542
5300	H72766
5300	H76491
5300	H77687
5300	H78437
5301	H72447
5301	H77959
5302	H71893
5302	H72624
5302	H72825
5302	H75052
5303	H72442
5303	H77819
5304	H70456
5304	H75987
5305	H70027
5305	H70722
5305	H74347
5305	H77865
5306	H70630
5306	H70845
5306	H72764
5306	H74515
5306	H77886
5306	H78168
5307	H72451
5307	H78603
5308	H71018
5308	H73354
5308	H76628
5309	H71308
5309	H71412
5309	H72579
5309	H72651
5309	H75117
5310	H72935
5310	H78317
5311	H70976
5311	H72431
5311	H77871
5312	H72264
5312	H75728
5313	H76123
5313	H76800
5313	H77888
5314	H72789
5314	H73627
5315	H72992
5315	H74009
5316	H74252
5316	H74839
5316	H76999
5316	H78516
5317	H71399
5317	H71609
5318	H76860
5318	H77324
5318	H77836
5319	H71268
5319	H74503
5320	H70467
5320	H70950
5321	H70022
5321	H73307
5321	H74197
5321	H75513
5322	H70801
5322	H77209
5323	H72976
5323	H76718
5324	H70145
5324	H71699
5324	H73426
5324	H77755
5325	H76399
5325	H76688
5326	H70368
5326	H70796
5326	H75020
5326	H76151
5326	H77675
5326	H77701
5327	H70359
5327	H71789
5328	H70083
5328	H70949
5328	H73617
5328	H77838
5329	H77981
5329	H78155
5330	H70070
5330	H77808
5331	H72141
5331	H72283
5331	H72372
5331	H72620
5331	H72972
5331	H73100
5331	H74914
5332	H70282
5332	H75642
5333	H71659
5333	H73419
5333	H75329
5333	H77893
5333	H78369
5334	H70437
5334	H71610
5334	H77781
5335	H72649
5335	H78708
5336	H72417
5336	H73418
5336	H76801
5337	H76727
5337	H76843
5337	H78080
5338	H70094
5338	H74063
5339	H75159
5339	H75565
5339	H76811
5339	H76940
5340	H73429
5340	H75372
5341	H70017
5341	H70451
5341	H71335
5341	H77793
5342	H70413
5342	H75148
5342	H76649
5342	H77846
5342	H78013
5343	H73720
5343	H76588
5344	H72863
5344	H75378
5345	H74778
5345	H75279
5345	H77295
5346	H70391
5346	H70873
5346	H71134
5346	H71372
5346	H72865
5346	H73519
5346	H74447
5346	H77195
5347	H72423
5347	H78209
5347	H78298
5348	H71204
5348	H71304
5349	H70934
5349	H72419
5349	H72536
5349	H78701
5350	H73309
5350	H73975
5350	H76457
5351	H70828
5351	H76861
5351	H77924
5352	H70945
5352	H76905
5353	H77065
5353	H77145
5354	H70651
5354	H71129
5355	H70452
5355	H77922
5356	H70714
5356	H71486
5356	H72718
5357	H72603
5357	H74314
5358	H70838
5358	H73414
5359	H71053
5359	H71806
5359	H74405
5359	H74871
5360	H74365
5360	H74761
5361	H72331
5361	H75663
5361	H76789
5362	H70618
5362	H74681
5363	H71213
5363	H72036
5363	H72100
5363	H73618
5363	H73773
5363	H77881
5364	H72339
5364	H73788
5364	H74406
5364	H74904
5365	H76386
5365	H78494
5366	H76131
5366	H76598
5366	H78483
5367	H72095
5367	H72898
5368	H70079
5368	H70087
5369	H73250
5369	H73811
5370	H74748
5370	H77228
5370	H78799
5371	H76550
5371	H77431
5372	H70522
5372	H75592
5373	H70141
5373	H70583
5373	H71576
5373	H72410
5373	H77005
5374	H70627
5374	H71604
5374	H74144
5375	H72062
5375	H76958
5376	H70268
5376	H70369
5376	H74045
5376	H74069
5376	H74511
5377	H70598
5377	H78377
5378	H71969
5378	H77460
5379	H74645
5379	H74676
5380	H77465
5380	H77758
5381	H76613
5381	H76712
5382	H74133
5382	H74150
5382	H75546
5383	H70507
5383	H77226
5384	H73289
5384	H77937
5385	H70880
5385	H75470
5385	H77811
5386	H73941
5386	H74847
5386	H76898
5387	H70932
5387	H78774
5388	H70688
5388	H73636
5388	H75334
5389	H71879
5389	H72861
5389	H74556
5389	H78989
5390	H76385
5390	H78140
5391	H71351
5391	H72729
5392	H72143
5392	H76281
5393	H74845
5393	H75042
5393	H77418
5394	H74396
5394	H75223
5394	H76410
5395	H70373
5395	H71575
5395	H75760
5396	H75670
5396	H76470
5397	H72385
5397	H72387
5397	H74186
5397	H75796
5397	H77451
5398	H72282
5398	H73099
5398	H73775
5399	H72445
5399	H72897
5400	H78056
5400	H78189
5401	H70863
5401	H72180
5401	H73276
5402	H73471
5402	H78905
5403	H76306
5403	H76307
5404	H74844
5404	H76585
5405	H71025
5405	H75051
5405	H75388
5406	H71460
5406	H71504
5407	H75207
5407	H76809
5408	H71043
5408	H77677
5408	H78493
5409	H74013
5409	H75232
5409	H77974
5410	H76676
5410	H78357
5411	H70419
5411	H72157
5411	H75282
5411	H77714
5412	H72616
5412	H78902
5413	H70279
5413	H72559
5414	H76864
5414	H76869
5414	H77736
5415	H71753
5415	H76682
5415	H78409
5416	H72004
5416	H74524
5416	H78237
5417	H77118
5417	H77909
5418	H73336
5418	H75778
5419	H71564
5419	H75507
5420	H71072
5420	H71578
5420	H72083
5420	H72085
5421	H70296
5421	H70943
5421	H70953
5421	H74538
5421	H77902
5422	H75461
5422	H76247
5423	H72329
5423	H74369
5424	H75657
5424	H76985
5425	H70885
5425	H71605
5425	H71606
5425	H72660
5425	H73997
5425	H78712
5426	H70109
5426	H72099
5426	H72164
5427	H77087
5427	H77930
5428	H72474
5428	H79021
5429	H77198
5429	H77650
5430	H76823
5430	H78026
5431	H71796
5431	H73459
5431	H75312
5431	H75825
5432	H77621
5432	H77842
5433	H70155
5433	H79123
5434	H72142
5434	H74549
5434	H76799
5435	H70243
5435	H73434
5436	H74415
5436	H75800
5436	H75913
5437	H70693
5437	H70723
5437	H74587
5437	H76488
5437	H77926
5438	H71063
5438	H77261
5439	H75857
5439	H78771
5440	H72819
5440	H74790
5440	H75523
5440	H76248
5441	H74034
5441	H76460
5442	H73687
5442	H74033
5443	H71682
5443	H73024
5444	H71511
5444	H75442
5444	H75603
5444	H75811
5444	H76733
5444	H77174
5445	H74070
5445	H74216
5445	H78926
5446	H70228
5446	H70229
5447	H72364
5447	H76519
5447	H77274
5448	H70794
5448	H71327
5448	H71787
5448	H72971
5448	H75795
5448	H78325
5449	H74728
5449	H77540
5450	H72199
5450	H76243
5451	H70971
5451	H74764
5452	H72394
5452	H73513
5453	H70891
5453	H72575
5453	H75492
5453	H77176
5454	H70380
5454	H75655
5454	H77666
5455	H72959
5455	H76685
5456	H71132
5456	H78292
5457	H72500
5457	H76609
5458	H74210
5458	H74801
5459	H73380
5459	H73381
5460	H70114
5460	H73948
5460	H74136
5461	H70135
5461	H77646
5462	H71294
5462	H72033
5463	H70227
5463	H75201
5463	H76901
5464	H73158
5464	H77511
5465	H74513
5465	H75737
5465	H75752
5466	H71182
5466	H77742
5467	H75151
5467	H78954
5468	H70202
5468	H71728
5468	H74332
5468	H78141
5469	H70479
5469	H70619
5469	H70872
5469	H71362
5469	H73051
5470	H70255
5470	H71864
5470	H77980
5471	H70741
5471	H71235
5471	H75417
5471	H79022
5472	H70475
5472	H72510
5472	H75775
5473	H73644
5473	H75959
5474	H72271
5474	H74737
5475	H71867
5475	H76877
5475	H77073
5476	H71514
5476	H73763
5476	H74893
5476	H77936
5477	H71755
5477	H76788
5477	H77925
5478	H76005
5478	H77994
5479	H70771
5479	H74972
5479	H75630
5480	H70250
5480	H70561
5480	H75241
5480	H76515
5480	H77853
5480	H78542
5481	H73679
5481	H77427
5482	H74448
5482	H76990
5482	H77804
5483	H77861
5483	H77934
5484	H71608
5484	H77676
5485	H72025
5485	H74283
5485	H75665
5486	H70944
5486	H72532
5487	H75225
5487	H79149
5488	H71802
5488	H75270
5488	H77382
5489	H70725
5489	H70775
5489	H71643
5489	H71707
5489	H72147
5489	H73483
5489	H77929
5489	H78060
5490	H72178
5490	H77387
5491	H74417
5491	H76943
5492	H73088
5492	H73187
5492	H78248
5493	H70566
5493	H72960
5494	H70339
5494	H70755
5494	H78922
5495	H74193
5495	H78931
5496	H70136
5496	H70146
5496	H70356
5496	H77720
5497	H70656
5497	H70659
5498	H71383
5498	H78173
5498	H78959
5499	H71422
5499	H73400
5500	H71875
5500	H73319
5501	H73711
5501	H75200
5501	H75979
5501	H79121
5502	H70478
5502	H71458
5503	H72723
5503	H75958
5503	H77977
5504	H72210
5504	H76397
5505	H71162
5505	H71195
5505	H71780
5505	H73453
5506	H70211
5506	H71205
5506	H73527
5506	H73665
5506	H77032
5506	H77869
5506	H78573
5506	H79037
5507	H74485
5507	H79047
5508	H71895
5508	H72768
5509	H70165
5509	H74822
5509	H74957
5509	H75478
5510	H76910
5510	H77019
5511	H71676
5511	H73572
5511	H74797
5512	H70765
5512	H78099
5512	H78154
5513	H74175
5513	H78300
5514	H71763
5514	H74182
5514	H78136
5515	H71052
5515	H77978
5516	H76995
5516	H77529
5517	H70061
5517	H71191
5517	H71579
5517	H77669
5517	H78070
5517	H78108
5518	H70041
5518	H71533
5519	H73254
5519	H73490
5520	H72458
5520	H72514
5521	H70274
5521	H77880
5522	H70696
5522	H71150
5522	H71496
5522	H72615
5522	H73438
5523	H72476
5523	H73921
5524	H75224
5524	H75300
5525	H71100
5525	H73460
5525	H75508
5525	H75858
5525	H76360
5525	H76833
5525	H77920
5526	H70870
5526	H71121
5526	H76038
5526	H77328
5527	H71953
5527	H74112
5527	H76608
5528	H70791
5528	H71891
5528	H72842
5528	H78441
5529	H72968
5529	H78660
5530	H76580
5530	H77949
5531	H70464
5531	H72473
5532	H72568
5532	H74146
5532	H75150
5532	H77003
5532	H77976
5532	H78018
5533	H73200
5533	H75612
5534	H73169
5534	H78837
5535	H72516
5535	H75079
5536	H74853
5536	H75144
5536	H77132
5536	H77196
5537	H71784
5537	H73139
5537	H76759
5537	H77933
5538	H71825
5538	H77153
5539	H71627
5539	H75555
5539	H76953
5540	H73585
5540	H79099
5541	H71006
5541	H71007
5542	H70853
5542	H74721
5543	H72504
5543	H72522
5544	H70954
5544	H71888
5545	H75171
5545	H76229
5546	H72402
5546	H73564
5546	H75708
5547	H70817
5547	H71342
5547	H73974
5548	H75889
5548	H75972
5548	H77733
5549	H72642
5549	H72653
5550	H72948
5550	H73790
5551	H70587
5551	H72914
5551	H78809
5552	H70071
5552	H70072
5553	H74079
5553	H75194
5553	H75370
5554	H73954
5554	H75990
5555	H73425
5555	H75501
5555	H77964
5555	H78892
5556	H71536
5556	H72786
5557	H70350
5557	H71590
5557	H77439
5558	H78199
5558	H78372
5559	H70104
5559	H72868
5559	H78509
5560	H70332
5560	H72993
5560	H74466
5560	H77850
5561	H70473
5561	H78023
5562	H72588
5562	H77489
5563	H76548
5563	H76977
5564	H70209
5564	H74059
5564	H75868
5565	H71210
5565	H73637
5566	H70382
5566	H71832
5567	H70489
5567	H72621
5567	H74149
5568	H74583
5568	H77820
5569	H72055
5569	H77045
5570	H74313
5570	H76914
5570	H77911
5571	H71673
5571	H72096
5572	H70758
5572	H72808
5572	H77395
5572	H77983
5573	H73580
5573	H78775
5574	H70994
5574	H72223
5575	H70039
5575	H73142
5575	H78855
5576	H71413
5576	H72272
5577	H71454
5577	H78762
5578	H71890
5578	H74141
5578	H78818
5579	H77910
5579	H78043
5580	H70917
5580	H71103
5581	H71640
5581	H77033
5581	H77932
5581	H78376
5582	H70378
5582	H72334
5583	H71516
5583	H72079
5583	H73929
5583	H75929
5583	H76448
5584	H75904
5584	H76051
5585	H70077
5585	H78131
5586	H72534
5586	H72552
5587	H74840
5587	H76045
5588	H73588
5588	H76507
5589	H73195
5589	H74584
5589	H76218
5589	H77051
5590	H74443
5590	H76010
5591	H75090
5591	H77111
5592	H73521
5592	H75086
5592	H76037
5593	H74493
5593	H76195
5594	H77477
5594	H77809
5595	H78058
5595	H78061
5596	H77461
5596	H78011
5597	H71292
5597	H77030
5598	H77091
5598	H77617
5598	H77799
5598	H77944
5598	H78000
5599	H70601
5599	H73143
5600	H77845
5600	H78439
5601	H73061
5601	H73598
5602	H70496
5602	H72327
5602	H77563
